"text","label"
SUBSCRIBE!!!!!!!!!!!!!!!!!!!!!!!!!!!!!!!!!!!!!!!!!!!!!!!!!!!!!!!!!!!!!!!!!!!!!!!!!!!!!!!!!!!!!!!!!!!!!!!!!!!!!!!!!!!!!!!!!!!!!!!!!!!!!!!!!!!!!!!!!!!!!!!!!!!!!!!!!!!!!!!!!!!!!!!!!!!!!!!!!!!!!!!!!!!!!!!!!!!!!!!!!!!!!!!!!!!!!!!!!!!!!!!!!!!!!!!!!!!!!!!!!!!!!!!!!!!!!!!!!!!!!!!!!!!!!!!!!!!!!!!!!!!!!!!!!!!!!!!!!!!!!!!!!!!!!!!!!!!!!!!!!!!!!!!!!!!!!!!!!!!!!!!!!!!!!!!!!!!!!!!!!!!!!!!!!!!!!!!!!!!!!!!!!!!!!!!!!!!!!!!!!!!!!!!!!!!!!!!!!!!!!!!!!!!!!!!!!!!!!!!!!!!!!!!!!!!!!!!!!!!!!!!!!!!!!!!!!!!!!!!!!!!!!!!!!!!!!!!!!!!!!!!!!!!!!!!!!!!!!!!!!!!!!!!!!!!!!!!!!!!!!!!!!!!!!!!!!!!!!!!!!!!!!!!!!!!!!!!!!!!!!!!!!!!!!!!!!!!!!!!!!!!!!!!!!!!!!!!!!!!!!!!!!!!!!!!!!!!!!!!!!!!!!!!!!!!!!!!!!!!!!!!!!!!!!!!!!!!!!!!!!!!!!!!!!!!!!!!,1
Check out this playlist on YouTube:,1
subscribe to my channel who can,1
Check out this video on YouTube: ,1
"Could you please check out my covers on my channel? I do covers like Adele, Kodaline, Imagine Dragons...and more. Please if you could spare a few minutes,  could you have a listen to one or two of my covers , Feel free to comment and subscribe :) Thank you! ",1
"Subscribe to me if u think ""swag"" is fucking stupid",1
Help me get 50 subs please ,1
EVERYONE PLEASE SUBSCRIBE TO MY CHANNEL OR CAN YOU ALL JUST GO LOOK AT MY VIDEOS ,1
do you want to make some easy money? check out my page tvcmcadavid.weebly . com dont miss out on this opportunity give thumbs up i would  apprecitate it.,1
"I know that maybe no one will read this but PLEASE TYPE IN ""deazy99"" I'm a rapper with a dream. I know you must see like millions of those on here everyday but please check out my music and subscribe if you'd like thank you, i would love nothing more than to have a decent following on youtube from people if anyone reading this could give it a ""THUMBS UP"" because what some might see as just a simple button press could make my dream come true..thank you again for your time & may god bless you",1
Could Spanish people understand this?  Any way's I how you doing subscribe to me I brake things  -_-,1
Check out this video on YouTube:,1
HOW MANY THUMBS UP FOR LOUIS SAVING THE DAY!?!,1
Fruits and vegetables give you longer lasting energy for weight loss.  Check out youtube.com/user/36loseweight.,1
this video has 800+m views and the channel got 3m subscribers,1
please visit my channel,1
"Please help me give my son a grave.  http://www.gofundme.com/BishopsGraveMarker Or please just share it on your  fb page, I do not have one anymore.",1
Aslamu Lykum... From Pakistan,1
Hey guys please just spent one minute for me:) im a singer from srilanka and im 18 year's old! SooO I LIKE TO BE GREAT SINGER will be a one day so i hope it would be happen in really my life. Just view my videos and rate it and let me know how is my voice please help us guys closer to living my dream:)! I really know you'd helped me who read this comment he/she can just understand my feeling ! Thanks guys lv u really much more! SUBSCRIBE IT MY CHANNEL AND ONECE AGAIN THANK U !,1
"help me click on the subscribe Mai Nguyen, thank you",1
"Hey guys please check out my new Google+ page it has many funny pictures,  FunnyTortsPics  https://plus.google.com/112720997191206369631/post",1
Follow 4 Follow                           @ VaahidMustafic Like 4 Like ,1
(( rapid facebook )) the free version of all colors and is characterized by  fast and beauty download now https://play.google.com/store/apps/details?id=com.rapid.facebook.magicdroid,1
"  Perhaps you have seen the newest Miley Cyrus SECRET video ?   She's sucking an old man's cock ,  If you wish to see her , check out the celebrity website beneath :   miley-secret-video.co.uk ",1
me segue ha  https://www.facebook.com/marcos.sousa4?fref=ts,1
HI! CHECK OUT OUR AWESOME COVERS! AND SAY WHAT YOU THINK!,1
Come check out our parody of this!,1
SUP GUS THIS IS A VIDEO FOR PEOPLE WHO LOVES PARTY ROCK SO THANKS FOR WATCHING AND PLEASE SUBSCRIBE:)!!,1
Check out this video on YouTube:,1
Hey guys! Check this out: Kollektivet - Don't be slappin' my penis!  I  think that they deserve much more credit than they receive.,1
Check out my YouTube channel I can rap,1
plz subscribe to my channel i need subs and if you do i will sub back i  need help,1
"O peoples of the earth, I have seen how you perform every form of evil at your leisure! You cease not from reveling in that which I hate! Behold, you murder the innocent day and night and plot evil against your neighbor! You stand up for the rights of those who commit abomination and clap your hands as wickedness is celebrated openly in the streets!... O MOST PERVERSE AND ABOMINABLE GENERATION, SHALL I NOT REPAY?!  Hear the Word of The Lord - TrumpetCallOfGodOnline.  co m",1
"Check out this funny video ""Cereal Box Knocks out Baby"" on my channel.",1
"Huh, anyway check out this you[tube] channel: kobyoshi02",1
http://minhateca.com.br/mauro-sp2013/Filmes+Series+Desenhos+Animes+Mp3+etc,1
Check out my mummy chanel!,1
Check out this video on YouTube:,1
Check out this video on YouTube:,1
Check out this video on YouTube:..,1
Men stop being naive idiots believing in love and believing that women actually respect you. Want a more fulfilling drama fee life? Check out MGTOW. There are many channels here on YouTube that you can chose from which will give you all the information needed. (Caution: Not for men who enjoy being disposable providers of utility),1
adam b beats check out my page 2013,1
Free my apps get 1m crdits ! Just click on the link and download a app and  done!! · Link: https://m.freemyapps.com/share/url/5af506e1,1
https://www.tsu.co/Aseris get money here !,1
Check out this playlist on YouTube:,1
Check out this playlist on YouTube:a,1
Check out this video on YouTu,1
"Hello Guys...I Found a Way to Make Money Online You Can Get Paid To Mess Around On Facebook And Twitter! GET PAID UPTO $25 to $35 AN HOUR...Only at 4NetJobs.com Work from the Comfort of your Home... They are Currently Hiring People from all Over the World, For a Wide Range of Social Media Jobs on Sites such as Facebook,Twitter and YouTube You don't Need any Prior Skills or Experience and You can Begin Work Immediately! You Can Easily Make $4000 to $5000+ Monthly Income…Only at 4NetJobs.com",1
Add me here...https://www.facebook.com/TLouXmusic,1
:) I'll subscribe to you. You look Nice :),1
"Subscribe pleaaaase to my instagram account , i'll subscribe back ♥  http://instagram.com/cyrine_ghorbel",1
https://www.facebook.com/pages/Komedi-burda-gel/775510675841486,1
"You guys should check out this EXTRAORDINARY website called ZONEPA.COM . You can make money online and start working from home today as I am! I am making over $3,000+ per month at ZONEPA.COM ! Visit Zonepa.com and check it out! The plausible summer submits the behavior. When does the grass check the peaceful seat? The country strategizes the edge.",1
http://thepiratebay.se/torrent/6381501/Timothy_Sykes_Collection,1
If you looking for new music to listen to check out cece song called  dead2me on iTunes music video out now right here on youtube.,1
 Follow me on Instagram. _chris_cz  ,1
"I make guitar covers, please have a look at my channel",1
Like this comment for no reason,1
https://www.facebook.com/photo.php?fbid=313454548839369&set=a.207230212795137.1073741825.100005244783212&type=1&theater  1111111111111111111,1
If i reach 100 subscribers i will tazz my self and my friend,1
Like this comment for no reason,1
this song is awesome. these guys are the best. love this video too its hilarious lol. im getting popular fast because i rap with meaning. thumbs up if you piss next to the water in the toilet so it doesnt make noise,1
subscribe my chanel,1
Share Eminem's Artist of the Year video so he can win. We could see a performance and acceptance speech. Like this comment so everyone can see.  2014 =  Year of Eminem,1
FOLLOW MY COMPANY ON TWITTER  thanks.  https://twitter.com/TheWaxedHatCo,1
Check my channel please! And listen to the best music ever :P,1
"Part 5. Comforter of the afflicted, pray for us Help of Christians, pray for us Queen of Angels, pray for us Queen of Patriarchs, pray for us Queen of Prophets, pray for us Queen of Apostles, pray for us Queen of Martyrs, pray for us Queen of Confessors, pray for us Queen of Virgins, pray for us Queen of all Saints, pray for us Queen conceived without original sin, pray for us Queen of the most holy Rosary, pray for us Queen of the family, pray for us Queen of peace, pray for us ",1
Subscribe to My CHANNEL,1
"Nice to meet You - this is Johnny: 1. If You already know my music - thumb this up, because You found it this way, too. 2. If You want to hear original songs completely made by 1 person, continue reading:  I sing, write original music+lyrics & play guitar, bass, drums & keyboards. I'm a 1-man-band. My music is completely independent & 100% listener-supported. If You want to hear it & if You're willing to help record new album - click on my name/picture.  Enjoy the music - wish You awesome day!",1
Like & Subscribe /watch?v=5tu9gN1l310,1
https://www.facebook.com/eeccon/posts/733949243353321?comment_id=734237113324534&offset=0&total_comments=74   please like frigea marius gabriel comment :D,1
 https://m.freemyapps.com/share/url/10b35481 ,1
if i reach 100 subscribers i will go round in public pouring a bucket of  ice water over people and then running away acting like it wasn't me! like  so people can see!!,1
subscribe to me for call of duty vids and give aways Goal-100 subs,1
Subscribe to my channel ,1
Lil m !!!!! Check hi out!!!!! Does live the way you lie and many more ! Check it out!!! And subscribe,1
Check out this video on YouTube:,1
Sub to my channel visuelgamingzNL I sub back,1
"This past Christmas my dad passed away, to help me cope I picked up a pen and some paper and started to write. Little did I know nearly 9 months ago that it would bring me where i'm at today. Over 7k subscribers and 500k video views. I just wrote and released a song yesterday about a friend of mine who has tried to commit suicide several times, I can't promise you professionally produced music, but I can promise REAL lyrics. Just click on my picture. Thanks, and thumbs up so others may see",1
Hi. Check out and share our songs.,1
Can you check my videos please? Don't hate me :( Give me one oportunity,1
Please help me go to college guys! Thanks from the bottom of my heart.  https://www.indiegogo.com/projects/i-want-to-go-to-college--19/x/9082175,1
eminem new song check out my videos,1
Hi guys i sell Jack Daniel's Hard Back Cover Case for iPhone 5 5S 5C 4S 4   6'' Old Time with only 3 Dollars on Ebay:  http://www.ebay.com/itm/251638183951?ssPageName=STRK:MESELX:IT&_trksid=p3984.m1555.l2649 ,1
http://shhort.com/a?r=HuPwEH5ab,1
Hello from Russia comes to the channel subscribe,1
see this  http://adf.ly  /1HmVtX,1
"It's so hard, sad :( iThat little child Actor HWANG MINOO dancing very  active child is suffering from brain tumor, only 6 month left for him .Hard  to believe .. Keep praying everyone for our future superstar.  #StrongLittlePsY #Fighting  SHARE EVERYONE PRAYING FOR HIM http://ygunited.com/2014/11/08/little-psy-from-the-has-brain-tumor-6-months-left-to-live/ ",1
hey you ! check out the channel of Alvar Lake !!,1
Definitley the song for 2010 when im not listening to gypsy SHAKIRA ROCKS   +  shakiraVEVO  ,1
Hey Guys this is Glamour Beauty! I just started my youtube channel please  go check it out! I'm going to post singing videos and also random videos  that I fell like! Please go to subscribe! More to come soon!. Remember to  subscribe!,1
get GWAR to play 2015 superbowl  http://www.change.org/petitions/the-national-football-league-allow-gwar-to-perform-the-2015-super-bowl-halftime-show#share ,1
"Hi -this is Johnny: 1. If You already know my music - thumb this up, because You found it this way, too. 2. If You want to hear original songs completely made by 1 person, continue reading:  I sing, write original music+lyrics & play guitar, bass, drums & keyboards. I'm a 1-man-band. My music is completely independent & 100% listener-supported. If You want to hear it & if You're willing to help record new album - click on my name/picture.  Thank You & enjoy the music - wish You awesome day!",1
http://www.amazon.co.uk/gp/offer-listing/B00ECVF93G/sr=8-2/qid=1415297812/ref=olp_tab_refurbished?ie=UTF8&condition=refurbished&qid=1415297812&sr=8-2 ,1
New way to make money easily and spending 20 minutes daily -->  https://www.paidverts.com/ref/Marius1533 ,1
http://woobox.com/33gxrf/brt0u5 FREE CS GO!!!!,1
Check out this video on YouTube:,1
There are beautiful songs please subscribe,1
Check out this playlist on YouTube:,1
if you want to win money at hopme click here https://www.paidverts.com/ref/sihaam01  it's work 100/100,1
"Subscribe to me for free Android games, apps.. ",1
Do you need more instagram followers or photo likes? Check out IGBlast.com and get em in minutes!,1
subscribe,1
Check out this video on YouTube:,1
" Hey youtubers... {**}I really appreciate all of you who took the time, to read this, I am just a 19 year old boy who wants to be a successful musician in the           music world. {**}I dont have any money to advertise my channel, {**}If you could just visit my channel, comment on my video or subscribe, that would be great.... {**}It will only be few seconds of your life..... {**}Thank u to all the people who just gave me a chance l really appreciate it ",1
"hey guy if you can please SUBSCRIBE to my channel im a young dedicated rapper i post videos everyday to improve  i write/perform/record/mix/edit/post everyday  i do a verse everyday (16 bars)to improve i'm doing it for 365 days a whole year to improve right now i'm on day 46  if you guys can please like this comment so everyone can see it and follow me on my journey/watch me improve everyday SUBSCRIBE PLEASE I'm lyrical and i keep it real  help me reach my dream,help me build a fan base,THANKS(:",1
"PLEASE CHECK OUT MY VIDEO CALLED ""WE LOVE MIND MASTER IT"" THANKS",1
"Hey yall its the real Kevin Hart, shout out to my fans!!! follow me +RealKevinHeart ",1
"if your like drones, plz subscribe to Kamal Tayara. He takes videos with  his drone that are absolutely beautiful.",1
watch?v=ARkglzjQuP0 Like this comment and share this video so Em can win!!! #YTMA,1
Check out this playlist on YouTube:pl,1
Subscribe & Like /watch?v=5tu9gN1l310,1
"Wow justin Bieber is Better  thats why when he buys medication he always shares with his half wited money alfred but sadly enough he is an attention hog with swamp ass and an eating disorder filled with sassy mice, and flaming hot cheetos that he can eat with the power of the samurman.",1
Please look at my channel,1
Check out this video on YouTube:it is a old track but it still bad,1
He gets more views but has less subscribers lol,1
i can to make money,1
SO THEN HOW ARE YOU GOING TO CALL YOURSELF A INSTRUMENTAL SONGWRITER IF THERES NO SINGING THERES NO SONG TO WRITE!?!?! LOL.   YOU GOT ALOT TO LEARN KID BUT HEY DON'T FORGET TO SUBSCRIBE!,1
"Hey, have you tried ""DribblePROshot"" yet? Just do a search on Google. On their website you will find a useful free video demonstrating the right way to enormously improve your soccer or football skills in no time... It transformed Fausto into a substantially better football/soccer player...to the amazement of his team mates. Hopefully it works for you too.",1
Check out this video on YouTube:,1
subscribe to my channel people :D,1
Being paid to respond to fast paid surveys from home has enabled me to give up working and make more than 4500 bucks monthly.  To read more go to this web site bit.ly\1bSefQe,1
 NOW THAT I HAVE YOUR ATTENTION!!! SUBSCRIBE TO MY CHANNEL!!!  GRACIAS! ,1
Abomination! Subscribe if you agree :| party here in my channel. cool lights.,1
**CHECK OUT MY NEW MIXTAPE**** **CHECK OUT MY NEW MIXTAPE**** **CHECK OUT MY NEW MIXTAPE*** ***CHECK OUT MY NEW MIXTAPE******CHECK OUT MY NEW MIXTAPE**** **CHECK OUT MY NEW MIXTAPE**** **CHECK OUT MY NEW MIXTAPE*** ***CHECK OUT MY NEW MIXTAPE******CHECK OUT MY NEW MIXTAPE**** **CHECK OUT MY NEW MIXTAPE**** **CHECK OUT MY NEW MIXTAPE*** ***CHECK OUT MY NEW MIXTAPE******CHECK OUT MY NEW MIXTAPE**** **CHECK OUT MY NEW MIXTAPE**** **CHECK OUT MY NEW MIXTAPE*** ***CHECK OUT MY NEW MIXTAPE****,1
SUBSCRIBE TO MY CHANNEL,1
"Like getting Gift cards..but hate spending the cash.... Try Juno Wallet !!! At Juno Wallet you can earn money for gift cards such as ; Nike, Gamestop,  Amazon , Ebay Etc & its easy  Earn money by doing simple task like watching videos..downloading apps &  you can even earn money by inviting your friends to join...its free for  signup Sign up today & use promo code BD3721315",1
https://www.indiegogo.com/projects/cleaning-the-pan--2    please halp me  with my project,1
LIKE AND SUBSCRIBE,1
https://www.facebook.com/pages/Hiphop-Express/704682339621282                 like this page yo,1
"I love katy fashions tiger, care to visit my blog sinar jahitan  I also have the tiger collections tqvm",1
"okay, this should cover me for some time... Thumbs up if you're watching while youtube still exists.",1
Check out this video on YouTube:,1
"Hello everyone, It Is not my intention to spam and am truly sorry If anyone Is annoyed by this but just please hear me out.  I am a rapper, singer, music producer and a song writer and have been making music for a while now, eight years to be exact.  I enjoy making all types of music that anyone can listen to, doesn't have me talking about killing anyone and most importantly, focuses on the quality of the music.  Please check out my page, It's only a click away.  Thank you and have a nice day :)",1
https://www.paidverts.com/ref/tomuciux99 esyest money ever. join to our  team!!!!,1
subscribe like comment,1
hey guys!! visit my channel pleaase (i'm searching a dream),1
Take a look at this video on YouTub You,1
Check out this playlist on YouTube:hbbhhhgh,1
Subscribe To Mê Please Guys,1
http://shhort.com/a?r=Jt2ufxHxc,1
Subscribe to my channel !,1
"You guys should check out this EXTRAORDINARY website called ZONEPA.COM . You can make money online and start working from home today as I am! I am making over $3,000+ per month at ZONEPA.COM ! Visit Zonepa.com and check it out! The loud authority improves the canvas. When does the mother repair the uppity learning? The substantial cook derives the harbor.",1
"my sister just received over 6,500 new  #active  youtube views Right now. The only thing she used was pimpmyviews. com",1
great l subscribe,1
"watch youtube video ""EMINEM -YTMA artist of the year"" plz share to vote!!!",1
if u love rihanna subscribe me,1
http://www.billboard.com/articles/columns/pop-shop/6174122/fan-army-face-off-round-3 Vote for SONES please....we're against vips....please help us.. >.<,1
"No long paragraph just check out my song called ""Fire"".",1
"GUYS SHARE THIS VIDEO!!!!!  HE must have 1.000.000.000 views  Share on Facebook, groups, pages!!",1
Go check out my rapping video called Four Wheels please ❤️,1
Check out this video on YouTube:lo,1
Check out this video on YouTube:,1
https://www.facebook.com/FUDAIRYQUEEN?pnref=story,1
She loves Vena. trojmiasto.pl/Vena-Bus-Taxi-o59253.html,1
Check Out The New Hot Video By Dante B Called Riled Up,1
I love this!!!!! This is one of my fave songs now and I just subscribed :) :) :),1
"You guys should check out this EXTRAORDINARY website called MONEYGQ.COM . You can make money online and start working from home today as I am! I am making over $3,000+ per month at MONEYGQ.COM ! Visit MONEYGQ.COM and check it out! Wazzasoft Industry Sertave Wind Tendency Order Humor Unelind Operation Feandra Chorenn Oleald Claster Nation Industry Roll Fuffapster Competition Ociramma Quality",1
subscribe me plzzzzzzz plzzzzzzzzzzzzzzzzzzzzzzzzzzzzzzz,1
SUBSCRIBE me. if you do that leave your name so i can subs back ,1
please subscribe i am a new youtuber and need help please subscribe and i  will subscribe back :D hoppa HOPPA GaNgAm StYlE,1
Subscribe to me i subscribe back!!!! Plus i have a nice ass lol,1
"Check out: My Hood Doh, by Flixter Nossnevs",1
Check out this video on YouTube:  #Eminem   #Lovethewayyoulie   #RapGod   #King  ,1
I like This Comment and do not kill :P,1
Incmedia.org where the truth meets you.,1
https://www.change.org/p/facebook-twitter-youtube-do-not-censor-julien-blanc ,1
Subscribe My Channel,1
RIHANNA - POUR IT UP (VINCENT T. REMIX) RIHANNA - POUR IT UP (VINCENT T. REMIX) RIHANNA - POUR IT UP (VINCENT T. REMIX) RIHANNA - POUR IT UP (VINCENT T. REMIX) RIHANNA - POUR IT UP (VINCENT T. REMIX) RIHANNA - POUR IT UP (VINCENT T. REMIX) RIHANNA - POUR IT UP (VINCENT T. REMIX) RIHANNA - POUR IT UP (VINCENT T. REMIX) RIHANNA - POUR IT UP (VINCENT T. REMIX)  CLICK! SUBSCRIBE!,1
Check out this video on YouTube:  ,1
Lol check out my chanell and subscribe please i want 5000 subs thats it im nearly their now,1
Get free gift cards and pay pal money!,1
wanna earn money online without investment.....just visit this link .....therglove.blogspot.in/2013/08/blog-post_10.html,1
pls http://www10.vakinha.com.br/VaquinhaE.aspx?e=313327 help me get vip gun  cross fire al,1
check out mah girl it duh shit yo,1
Please check out and send to others Freedom and Justice are on the line!  Please Google:   Steven L. Reed Case Lands in Supreme Court---thanks!,1
/watch?v=Dtqcftr1Fac JUSTIEN BIEBER CAR 2013. LIKE&SUBSCRIBE,1
"Hey Youtubers and All Music lover's, Guess most of you all skip these comments, but for you who is still reading this, thanks ! I dont have any money for advertisiments, no chance of getting heard, nothing. All that's left is spam, sorry. Im 17, Rapper/Singer from Estonia. Please listen my new cover on my account. You wont regret it. Give me just a chance, please. Take half a second of your life and thumb this comment up. It will maybe change my life, for real. Thank you Wafence ",1
Check out my channel :),1
like please,1
Check out this video on YouTube:,1
Follow me on twitter & IG : __killuminati94,1
https://twitter.com/GBphotographyGB,1
Check out this video on YouTube:fb i,1
subscribers please`,1
hi guys check my youtube channel,1
Pls follow this channel!! http://www.twitch.tv/sevadus,1
"People, here is a new network like FB...you register also free, the  difference is only that you get paid for sharing, commenting and liking  posts and so one...don't waste your time on fb for sharing and not being  paid!! Register here to make also money with your everyday posts!!  https://www.tsu.co/slema13 Wellcome to everyone! ;)",1
"Hey guys can you check my YouTube channel I know you hate comments like  this one but I promise if you check my videos it will be entertaining I do  Shotgun Montages,Ninja Defuse Montages and Trolling please guys can you  check them out and thanks have a good day!!!!!!!",1
Check out this video on YouTube:,1
:D subscribe to me for daily vines,1
HUH HYUCK HYUCK IM SPECIAL WHO'S WATCHING THIS IN 2015 IM FROM AUSTRALIA OR SOMETHING GIVE ME ATTENTION PLEASE IM JUST A RAPPER WITH A DREAM IM GONNA SHARE THIS ON GOOGLE PLUS BECAUSE IM SO COOL.,1
everyone come and check out the new GTA 5 Gameplay right Here : /watch?v=6_H0m5sAYho,1
What free gift cards? Go here  http://www.swagbucks.com/p/register?rb=13017194,1
Omg can this be the first video on YouTube to hit 1 billion views like this comment of you agree.,1
http://psnboss.com/?ref=2tGgp3pV6L this is the song,1
subscribe to   +  SuperMarioLogan   if you thot the robot dudes r epic and awsome,1
"Check out Melbourne shuffle, everybody!",1
Hello. I only made ONE Eminem song on my channel. Could you guys just put A LIKE on it please? Don't need to subscribe. Thanks.,1
"You guys should check out this EXTRAORDINARY website called MONEYGQ.COM .   You can make money online and start working from home today as I am!   I am making over $3,000+ per month at MONEYGQ.COM !   Visit MONEYGQ.COM and check it out!  Why does the fragile swim enlist the person? How does the ice audit the frequent son? The fantastic chance describes the rate.",1
"You guys should check out this EXTRAORDINARY website called MONEYGQ.COM .   You can make money online and start working from home today as I am!   I am making over $3,000+ per month at MONEYGQ.COM !   Visit MONEYGQ.COM and check it out!   Lake   . Victorious . Luxuriant . Alcoholic . Responsible . Unbiased . Yoffa . Ociramma . Ociramma . Handsome . Arrowgance . Mizuxe . Boaconic . Sophisticated . Ill-fated . Spourmo . Chubby . Hioffpo . Probable . Singlewave",1
"Hey guys! Please join me in my fight to help abused/mistreated animals! All  fund will go to helping pay for vet bills/and or helping them find homes! I  will place an extra emphasis on helping disabled animals, ones otherwise  would just be put to sleep by other animal organizations. Donate please. http://www.gofundme.com/Angels-n-Wingz",1
Check out this video on YouTube:,1
  Eminem is the king of rap  Micheal Jackson is the king of pop  If you also wanna go hard and wanna be the person of first class fame just check out Authenticviews*com and be famous just within days !! yO ~,1
Check out this video on YouTube:,1
subscribe to my pagee please.,1
"••••►►My name is George and let me tell u EMINEM is my idol my inspiration, I've listen to him growing up, I never thou I would love rap this much But I thank him for helping me find my dream. So I rap now and make YouTube videos and yesterday I covered the song Mockingbird it's in my channel I worked really hard on it and it's one of my favorite songs of Him. So please go check it out and subscribe it would mean the world to me n sorry for the spam ◄◄••­•• don't hate I'm not Eminem",1
Come subscribe,1
"Check out  these Irish guys cover  of Avicii's  Wake Me Up!  Just search...  ""wake me up Fiddle Me Silly"" Worth a listen  for the gorgeous fiddle player!",1
"Aye homies check out our remix to 50 Cent Your Life Is On The Line we just started our youtube channel and we are all ways working hard, give us some feed back on our latest song on what you guys think if you like show support.",1
Hey guys subscribe to my channel for no reason! Please!..,1
https://www.tsu.co/ToMeks Go register ;) free money;),1
http://www.ebay.com/itm/171183229277?ssPageName=STRK:MESELX:IT&_trksid=p3984.m1555.l2649 ,1
like this comment then type 1337,1
https://www.facebook.com/myfunnyriddles,1
Hey guys I'm 87 cypher im 11 years old and Rap is my life I recently made my second album desire ep . please take a moment to check out my album on YouTube thank you very much for reading every like comment and subscription counts,1
http://shhort.com/a?r=G8iX5cTKd,1
Hey everyone. Watch this trailer!!!!!!!!  http://believemefilm.com?hlr=h2hQBUVB,1
adf.ly / KlD3Y,1
Hey guys! Im a 12 yr old music producer. I make chiptunes and 8bit music.  It would be wonderful if you checked out some of my 8bit remixes! I even  have a gangnamstyle 8bit remix if you would like to check that out ;)  Thanks!!,1
"Support the fight for your 4th amendment right to privacy in your home and business. Stop the NSA spying on Americans with the un Patriot Act Renewal. Rand Paul has spent 10.5 hours on the Senate floor in a Protest and Filibuster fighting for our  Constitution that this Nation is founded on. Join the fight at Rand Paul dot com. Spread The Word. We Have Someone That Cares About Our Nation.  Email your Senators, Congress men and women, tell them to support Rand. Tell the news to support Rand too. Senator Rand Paul was up until  1:00  am this morning fighting for our Constitution.",1
Check out this video on YouTube:,1
i am from Brazil please subscribe my channel love you all,1
♫I know someone will see this ♥ I have a dream… I don't have the greatest videos or the best quality Right now I feel like i'm not getting anywhere and I need your help ♫ If you could possibly watch my videos it means the world to me ♥ Please thumbs this up so others can see… I appreciate it so much ♥♫ Please listen before you hate. Honestly i  appreciate it so much  You don't have to love me just give this 17 year old a chance,1
░░░░░░░/\░░░░░▄▐ ░░░░░░/     \░░░▄██▄ ░░░░░/  (o)   \░░░░░▀█▄ ░░░░/             \░░░░░░▀█▄ ░░░/__   \   ░▄▄▄▄▄▀▀ ░░░░▄▄▄██▀▀▀▀ ░░░█▀▄▄▄█░▀▀       YOU HAVE BEEN SPOOKED BY THE SPOOKINATI ░░░▌░▄▄▄▐▌▀▀▀ ▄░▐░░░▄▄░█░▀▀    SHARE THIS TO 666 PEOPLE TO BE UNSPOOKED  ▀█▌░░░▄░▀█▀░▀  ░░░░░░░▄▄▐▌▄▄ ░░░░░░░▀███▀█░▄ ░░░░░░▐▌▀▄▀▄▀▐▄ ░░░░░░▐▀░░░░░░▐▌ ░░░░░░█░░░░░░░░█ ░░░░░▐▌░░░░░░░░░█ ░░░░░█░░░░░░░░░░▐▌,1
Check out my videos guy! :) Hope you guys had a good laugh :D,1
Thumbs up if your watching in 2015,1
Help Please!!  http://www.gofundme.com/RJanimalcare,1
like this comment then type 1337,1
Check out pivot animations in my channel,1
please subscribe to my page. thanks.,1
Anybody who subscribes to me will get 10 subscribers,1
Check out this video on YouTube:,1
https://www.indiegogo.com/projects/help-stop-my-poverty-cyber-pan-handleing/x/8692160#home ,1
subscribed :) btw you have a good style keep it up brother :)),1
Check out this video on YouTube:,1
Go to my channel if u want to see a fly getting burned alive,1
sub me if you dont like the song,1
Check out this video on YouTube:,1
Check out this playlist on YouTube:,1
https://www.facebook.com/photo.php?v=4483179854075&set=vb.1727483389&type=2&theater ,1
hi beaties! i made a new channel please go check it out and subscribe and  enjoy!,1
subscribe to me,1
Check out this video on YouTube:,1
Please give us a chance and check out the new music video on our channel!  You won't be disappointed.,1
sorry for the spam yall I know it's annoying. But if you can spare a min please check out the new track on my channel i'm a upcoming uk rapper.please come check out my songs u might like em. If not no worries I'm sorry for wastin your time. Even thumbs up to get more noticed will really help. peace yall,1
Check out this video on YouTube:,1
"My friends wife earns 4000DOLLARS a month ,you can do it do if you want to be a wwhore ,you can not get these type of wages for working from home on a PC taking surveys ...dont believe that shit,just because yahoo and other are taking their money does not mean they are LEGIT ..Please like this so the MSG gets thru to vulnerable  people Like eminem used to be ",1
Check out our Channel for nice Beats!!,1
Please friend read my book and repass: http://www.4shared.com/web/preview/pdf/CjFofTxeba,1
https://www.surveymonkey.com/s/CVHMKLT,1
Please become my first subscriber.  Thank you.,1
Check out this video on YouTube:,1
Check my first video out,1
"You guys should check out this EXTRAORDINARY website called MONEYGQ.COM .   You can make money online and start working from home today as I am!   I am making over $3,000+ per month at MONEYGQ.COM !   Visit MONEYGQ.COM and check it out!  The metal drews the reflective effect. Why does the expansion intervene the hilarious bit? The sneeze witnesss the smoke.",1
"  Haha , Miley Cyrus has done it once again  Today someone leeched a porno video with her on a celeb site   I believe the website link is : miley-celeb-news.co.uk in case you want to view it.... ",1
Check out this video on YouTube:,1
Hi everyone! My dream is to have passionate sex with Katy Perry. Some people do not believe in me…but maybe you will. Sex is a giant part of my life and it pushes me to be a better person! Please give me a chance by giving me a thumbs up! If you love my ambition please SUBSCRIBE!,1
Subscribe ME!,1
"KATY PERRY, I AM THE ""DÉCIO CABELO"", ""DECIO HAIR"". I AM 60 YEARS OF AGE. I  DON""T HAVE FAMILY. I""M SINGLE. ALONE. HOMELESS. I WAS AN ALCOHOLIC: 15 AT  THE AGE OF 46. I AM AN INVISIBLE COMPOSER. MY DREAM IS TO RECORD MY SONGS.  COULD YOU HELP ME? PLEASE! PLEASE! I TRUST THAT THE YOU WILL GIVE ME A  CHANCE. I HAVE 109 VIDEOS IN THE YOUTUBE: deciocabelo canal. KATY PERRY, I  WAS BORN IN OCTOBER 25, TOO. THANK YOU VERY MUCH!!! DECIO HAIR.",1
http://www.rtbf.be/tv/emission/detail_the-voice-belgique/toutes-les-auditions/auditionDetail_?emissionId=3873&id=342  Please join me to the voice Liked and shared it please to win more audition  score. Thanks so much,1
**CHECK OUT MY NEW MIXTAPE**** **CHECK OUT MY NEW MIXTAPE**** **CHECK OUT MY NEW MIXTAPE*** ***CHECK OUT MY NEW MIXTAPE******CHECK OUT MY NEW MIXTAPE**** **CHECK OUT MY NEW MIXTAPE**** **CHECK OUT MY NEW MIXTAPE*** ***CHECK OUT MY NEW MIXTAPE******CHECK OUT MY NEW MIXTAPE**** **CHECK OUT MY NEW MIXTAPE**** **CHECK OUT MY NEW MIXTAPE*** ***CHECK OUT MY NEW MIXTAPE******CHECK OUT MY NEW MIXTAPE**** **CHECK OUT MY NEW MIXTAPE**** **CHECK OUT MY NEW MIXTAPE*** ***CHECK OUT MY NEW MIXTAPE****,1
"visit "" ww estiloproduction com "" best website to make money",1
Check Out The New Hot Video By Dante B Called Riled Up,1
"A  friend of mine has invented a big dick formula. He had a small dick (4  inches) and he did some research about this topic. During the research, he  found out the secret knowledge of penis enlargement. He applied what he  had learned and now he has a 7 inch dick. He was absolutely amazed by his  results. Of course, it took a few months. Therefore, he has written a book  about this issue in order to help guys. He asked me to promote his book :)  So, guys if you are interested and for more info check this out  https://payhip.com/b/oTIb  . He is selling it for symbolic £1. Thank you ;)",1
Check out this playlist on YouTube: I tried,1
"You guys should check out this EXTRAORDINARY website called MONEYGQ.COM .   You can make money online and start working from home today as I am!   I am making over $3,000+ per month at MONEYGQ.COM !   Visit MONEYGQ.COM and check it out!  Why does the innocent woman prioritize the desire? The flight searchs the sad polish. When does the tax zip the omniscient record",1
HAPPY BIRTHDAY KATY :) http://giphy.com/gifs/birthday-flowers-happy-gw3JY2uqiaXKaQXS/fullscreen  (That's not me),1
"https://apps.facebook.com/my-polls/utsitcompetition2014?from=user_link&ref_id=ouxg5e .  Please open this link and vote for  anand niketan international school, the  project name is project Fr-e-dom and share it with  yours friend.",1
Check out this video on YouTube:  Love this song... It's all good will never go back that but I'll always remember the passion but never want to go back to being dysfunctional insanity....... Goal is to live happy not live insane. ,1
Please.. Check my channel out:) I subscribe back..;),1
http://hackfbaccountlive.com/?ref=4436607  psy news offıcal ,1
http://www.twitch.tv/tareko100 Follow him on twitch and enter the keyword  !5800 and you'll have a chance of winning a really nice and expensive gun  for csgo that you can sell on the steam market,1
hey its M.E.S here I'm a young up and coming rapper and i wanna get my music heard i know spam wont get me fame. but at the moment i got no way of getting a little attention so please do me a favour and check out my channel and drop a sub if you enjoy yourself. im just getting started so i really appreciate those who take time to leave constructive criticism i already got 200 subscribers and 4000 views on my first vid ive been told i have potential,1
DO YOU KNOW HOW SEAN KINGSTON GOT FAMOUS WHY DON'T YOU LOOK IT UP KID BEFORE YOUR SO HARD ON YOURSELF!!  IF YOU HIT ME UP WITH A MESSAGE IN MY INBOX AND SUBSCRIBE I WILL CHECK OUT YOUR CHANNEL....SOUNDS FAIR TO ME.,1
http://www.guardalo.org/best-of-funny-cats-gatti-pazzi-e-divertenti-2013-5287/100000415527985/ ,1
Check out this video on YouTube: ,1
ｈｔｔｐ://ｗｗｗ.ｅｂａｙ.ｃｏｍ/ｕｓｒ/ｓｈｏｅｃｏｌｌｅｃｔｏｒ314,1
If I get 300 subscribers by tomorrow I'll do a epic Hunger Games Video! ,1
"Youtube comments in a nut shell:  .First .301 club .Skip to  3:57  and close your eyes .Advertisements .like this comment for no reason .Christianity arguements .Other religious arguements .Console wars .#PCMASTERACE .Trolls .""How is there 1 million views on the this video if theres online 10 people on earth/ .Complaints .Pewdiepie fangirls .Minecraft scrubs ./r/MontageParodies   AND ANY OTHER SHIT!!",1
Check out this video on YouTube:,1
please read this please! i am a country singer who is trying to become someone. so if you would like my videos please. just type... boys round here by country girl (only on computer) wasting all these tears e.t. please subscribe and like,1
The Perry you're doing a good job good job I love all of their videos and  by the way can you please describe to my channel please please please  please I'm trying to get as many comments to Skyburst lights is a cancer  and get famous please,1
Show your AUBURN PRIDE HERE: http://www.teespring.com/tigermeathoodie,1
hey guys i know its annoying getting spammed sorry bout that but please take a moment to check out my channel  IM A RAPPER with DECENT skills. i want to share my music with more people so take a listen   THUMBS UP SO MORE CAN SEE THIS,1
"Support the fight for your 4th amendment right to privacy in your home.  Stop the NSA spying on Americans with the un Patriot Act Renewal. Rand Paul has spent 10.5 hours on the Senate floor in a Protest and Filibuster fighting for our  Constitution that this Nation is founded on. Join the fight at Rand Paul dot com. Spread The Word. We Have Someone That Cares About Our Nation.  Email your Senators, Congress men and women, tell them to support Rand. Tell the news to support Rand too Senator Rand Paul was up until  1:00  am this passed Saturday morning fighting for our Constitution buy postponing the vote until this week. Our Constitution Matters join Rand in the fight to protect  it.ht  to privacy in your home and business.. Senator Rand Paul was up until  1:00  am this passed Saturday  morning fighting for our Constitution buy postponing the vote until this week. Our Constitution Matters To All Of US, Help Rand Protect It by joining the fright for it.",1
"Hey guys whats up? I found this app that lets you get free gift card vouchers like psn cards,X-box live cards and even amazon gift cards. For free! All you have to do is  simply just download the app from the app store. It is called juno wallet. All you have to do is just sign up for the app and then complete a few surveys or just download some other free apps and you get money like 10 cents. Also, if you type in the code IM2458444. You will also start off with $0.25 free!! ",1
View 851.247.920   Best youtube Video If Subscribe to My Channel please! Thank you!   Melhor Vídeo do youtube Se Inscreva no Meu canal por favor! Obrigado!   Mejor Video youtube Si suscriba a mi canal por favor! Gracias!   Meilleur vidéo youtube Si vous abonner à Ma Chaîne se il vous plaît! Merci! <3,1
hi everyone this is cool check out sexy and i know it,1
PLEASSSSSSSSSSSSSSSS SUBSCRIBEEEEEEEEEE MY CHANNNNNNELLL PLZZ,1
http://www.avaaz.org/po/petition/Youtube_Corporation_Fox_Broadcasting_Company_Anular_os_strikes_no_Canal_Nostalgia/?cXPZpgb ,1
i love this so much. AND also I Generate Free Leads on Auto Pilot & You Can  Too! http://www.MyLeaderGate.com/moretraffic,1
https://www.reverbnation.com/slicknick313/songs,1
Check out this playlist on YouTube:,1
"Hey guys im a 17yr old rapper trying to get exposure... I live in belgium where NO ONE speaks english so i have to resort to this gay SPAM...  Check out my 2 latest tracks as they are probably my best.. Audio isnt the best but im gonna invest in some real equipment for my next track..  Please Thumbs this up so others can see.. or hey dont just check me out yourself and leave a response and a like :D  Thanks in advance, you guys will be part of making my dream come TRUE   -Notorious Niko ",1
"check out our bands page on youtube killtheclockhd - check out some of our original songs including ""your disguise""",1
"Hello everyone my name's Anderson and i'm a singer. not expecting to buy subscribers with words BUT to gain them with my voice. I might not be the best but my voice is different (in a good way) and i'll work harder than anyone out there to get better, 'cuz ""yeah"" i have a dream  a HUGE one, (who doesn't?) so please take 3 minutes of your time to check out my covers. Give me a chance you won't regret it If you feel like subscribing that'd be awesome and it'd mean the world to me THANK YOU SO MUCH",1
"COME AND CHECK OUT MY NEW YOUTUBE CHHANEL, GOING TO BE POSTING DAILY!",1
"Rap from Belarus, check my channel:)",1
I personally have never been in a abusive relationship. I probably never will. I don't hit women. Mom has my dad used to hit my mom before he left. I can relate I'm writing about one at the moment subscribe to hear it. EVERY fan counts.,1
Tuto to subscribe to my channel because you should sign up for 17 l please thank you I'd do anything for you to sign up a lot of good video I usually do!,1
"Hey guys and girls check out Comedy Recipe for hilarious you tube videos, pranks, and crank calls!",1
"We are an EDM apparel company dedicated to bringing you music inspired  designs. Our clothing is perfect for any rave or music festival. We have  NEON crop tops, tank tops, t-shirts, v-necks and accessories! follow us on  Facebook or on instagraml for free giveaways news and more!! visit our site  at OnCueApparel",1
subscribe to me :) ,1
EVERYBODY PLEASE VOTE KATY AT EMA 2014 !!!!!  Best song  Best female Best pop Best live Best look  Best video  PLEASE VOTE KATY !!!!! PLEASE PLEASE PLEASE !!!!! VOTE VOTE VOTE !!!!! KATY KATY KATY !!!!!,1
Hey guys plz check out my youtube channel to c funny 2 girls 1 cup reaction  thanks and plz subscribe! Thanks,1
"Hey, I am doing the Forty Hour famine so I'll be giving up on food and social working for 40 hours. I'm doing this to raise money for African people who can't experience the luxuries that we can. So can you donate to give them a chance?  Any amount would do :)  Click on the link and donate h t t p : / / 4 0 h f . c o m . a u / A n t h o n y L a m Thanks :)",1
"Subscribe me, I will? subscribe you back!!!",1
Take a break from Katie and help me reach 100 subscribers this month!  New  music and free downloads! ,1
https://soundcloud.com/jackal-and-james/wrap-up-the-night,1
Check out this video on YouTube:but I'm not Rhinnah,1
Check out this playlist on YouTube:chcfcvzfzfbvzdr,1
check out my rapping hope you guys like it  https://soundcloud.com/nereboy/call-of-the-lostproduce-by-atlastatlas-rapper-jkork  and follow and message me :),1
":: ATTENTION : WE NEED 10 Million Views More for FIREWORK to Reach 500M .. We have only 1 and half day left for katy's birtgday. Listen How it could be possible?? >>JUST Open different Tabs from Different Browser >>Dont Watch Full Video, Remember We dont have time on hand, Its Time Wasting. View it only for 30 sec. Plz thumbs up and share",1
"Stop Wasting Up Your Time and  Get Paid To Mess Around On Facebook And Twitter!  GET PAID UPTO $25 to $35 AN HOUR... Only at 4NetJobs.com  Work from the Comfort of your Home... We are Currently Hiring People from all Over the World,  For a Wide Range of Social Media Jobs on Sites such as Facebook,Twitter and YouTube.  You don't Need any Prior Skills or Experience and You can Begin Work Immediately!  You Can Easily Make $4000 to $5000+ Monthly Income…Only at 4NetJobs.com",1
"Hey! I'm a 16 Year old rapper from Texas I don't rap ""PMW"" but I promise my music will NOT disappoint.. Search therealchrisking1 to find me and listen to my track ""Memory Lane"" I just released my 3RD mix-tape ""Crown Me"" and so far I've had nothing but good reviews about it. I'm not asking you to like or subscribe but just 1 view will help me catch my dream. and if you could leave a comment letting me know what you think it would be MUCH appreciated also. Thank you.",1
I subscribed it ,1
e.e....everyone could check out my channel.. dundundunnn,1
"You guys should check out this EXTRAORDINARY website called MONEYGQ.COM .   You can make money online and start working from home today as I am!   I am making over $3,000+ per month at MONEYGQ.COM !   Visit MONEYGQ.COM and check it out!   Lake   . Magnificent . Noodile . Unequaled . Moderock . Gogopo . Lulerain . Olielle . Zesty . Laughable . Accidental . Pepelexa . Delightful . Wiry . Toogit . Uncovered . Chesture . Woozy . Adhoc . Weak . Shallow",1
Check out this playlist on YouTube:,1
check out my new video,1
http://tankionline.com#friend=cd92db3f4 great game check it out!,1
1 753 682 421 GANGNAM STYLE ^^,1
PLEASE SUBSCRIBE ME!!!!!!!!!!!!!!!!!!!!!!!!!!!!!!!!!!!!!!!!!!!!!!!!!!!!,1
Hey Go To My Channel Check Out My Dongs Thanks YouTuber's,1
Please do buy these new Christmas shirts! You can buy at any time before  December 4th and they are sold worldwide! Don't miss out:  http://teespring.com/treechristmas,1
http://ubuntuone.com/40beUutVu2ZKxK4uTgPZ8K,1
Check out this video on YouTube:,1
Sub my channel!,1
"Hey youtubers... I really appreciate all of you who took the time, to read this, I am just a 19 year old boy who wants to be a successful musician in the music world. I dont have any money to advertise my channel, If you could just visit my channel, comment on my video or subscribe, that would be great.... It will only be few seconds of your life..... Thank u to all the people who just gave me a chance l really appreciate it  ",1
Yea stil the best WK song ever Thumbs up of you think the same ,1
Check out this playlist on YouTube:,1
check out eminem latest track survival if u didnt,1
pleas subscribe on me for ps4 games video   ______________________________  if you have som tips so contact me on kik or skype  ______________________________  Kik: pander26 Skype: sander.nicolaysen2  ______________________  pleas subscribe on me and Kashoo Gaming,1
i rekt ur mum last nite. cuz da haterz were 2 much 4 meh lik dis if u cri evertim and sponswer mi robox vidz https://www.indiegogo.com/projects/gimme-dem-moneyz-4-roblox/x/8851222#home,1
CHECK OUT THIS DOPE CHANNEL!    phenomenallyricshere CHECK OUT THIS DOPE CHANNEL!    phenomenallyricshere CHECK OUT THIS DOPE CHANNEL!    phenomenallyricshere CHECK OUT THIS DOPE CHANNEL!    phenomenallyricshere CHECK OUT THIS DOPE CHANNEL!    phenomenallyricshere CHECK OUT THIS DOPE CHANNEL!    phenomenallyricshere CHECK OUT THIS DOPE CHANNEL!    phenomenallyricshere CHECK OUT THIS DOPE CHANNEL!    phenomenallyricshere CHECK OUT THIS DOPE CHANNEL!    phenomenallyricshere,1
"You guys should check out this EXTRAORDINARY website called MONEYGQ.COM .   You can make money online and start working from home today as I am!   I am making over $3,000+ per month at MONEYGQ.COM !   Visit MONEYGQ.COM and check it out!  The cook officiates the tax. The walk judges the amount. Why does the ink train the valuable increase",1
 GO TO MY CHANNEL and check out my written songs,1
sub my channel for no reason -_-,1
For all you ladies out there......  Check out this link!  You'll find the hottest hairstyles and the latest trends for women!  Go to this site and you'll upgrade your hairstyles and fashion senses to a higher level!  Don't get left behind!     --->   goo.gl\BxrOSR,1
like this comment please,1
CHECK OUT partyman318 FR GOOD TUNEZ!! :D,1
Thumbs up if FE-FE-FE-FE-FEGELEIN brought u here,1
follow me---> https://twitter.com/f0llowshoutouts ,1
....subscribe......  ......to my........  .....channel.......,1
"Subscribe me, I will? subscribe you back!!!",1
share your thoughts,1
Like this comment for no reason.,1
I really ask nicely to view my vids:) I subscribe back..,1
"If you could take time & spare a min to read this, then thank you.   Im a rapper, if we're gonna be honest theres thousands maybe even millions  of those in the world but not too many with ambition, dedication & passion.  I don't have money for huge YouTube advertisements or incredible music videos  so all im left with is comments to expose my music.  If you could take a moment and give me a chance ill make you a believer  I would love? nothing more than a loyal following on YouTube. For anyone who   Reads this could you press the ""THUMBS UP""  others will see it.  Doing so will help me push closer to my dream :) Thank You",1
Hey check out my channel!!!! Please,1
Fuck it was the best ever 0687119038 nummber of patrik kluivert his son share !,1
Hey guys. I am a very small YouTuber I upload videos nearly every single  day. I once hope to be like shikas so can you please give 2 mins of your  life to view this channel. and my new video is on how to watch all the  anime for free. and I am pretty sure you wont regret visiting this channel. Thank you!,1
Pleas subscribe GamezZ MTA my channel ,1
Check out this video on YouTube:,1
Check out this video on YouTube:,1
Hi. Check out and share our songs.,1
Check out this video on YouTube:,1
check it out free stuff for watching videos and filling surveys   http://www.prizerebel.com/index.php?r=1446084 ,1
******* Facebook is LAME and so 2004! Check out ------------ swagFriends com Make thousands of cool new friends everyday! Join this new movement!,1
http://hackfbaccountlive.com/?ref=5242575,1
Check out my channel im 15 year old rapper!,1
please throw a sub on my channel,1
check out my Eminem & Kid Cudi M a s h up /watch?v=XYTcq5NzMuA,1
"You guys should check out this EXTRAORDINARY website called ZONEPA.COM . You can make money online and start working from home today as I am! I am making over $3,000+ per month at ZONEPA.COM ! Visit Zonepa.com and check it out! How does the burst render the symptomatic bite? The knowledge briefs the narrow thought. How does the eager sky transmit the crush",1
could you guys please check out my channel for hiphop beats,1
For Christmas Song visit my channel! ;),1
"Like Gorlin-Goltz Syndrome Support Community, you are not alone. https://www.facebook.com/GorlinGoltzSupport",1
"You guys should check out this EXTRAORDINARY website called ZONEPA.COM .   You can make money online and start working from home today as I am!   I am making over $3,000+ per month at ZONEPA.COM !   Visit Zonepa.com and check it out!  The jelly activates the reflective distribution. The normal top synthesizes the opinion. The victorious plant entertains the language.",1
CHECK MY CHANNEL FOR MY NEW SONG 'STATIC'!! YOU'LL LOVE IT!!,1
Hey ! Subscribe to me for the peace in the world ! ♥,1
Subscribe if you are watching in 2015,1
subscribe me if u love eminem,1
+447935454150 lovely girl talk to me xxx,1
do you want to make some easy money? check out my page tvcmcadavid.weebly . com dont miss out on this opportunity,1
"You guys should check out this EXTRAORDINARY website called MONEYGQ.COM . You can make money online and start working from home today as I am! I am making over $3,000+ per month at MONEYGQ.COM ! Visit MONEYGQ.COM and check it out! Memory Ferirama Besloor Shame Eggmode Wazzasoft Sasaroo Reiltas Moderock Plifal Shorogyt Value Scale Qerrassa Qiameth Mogotrevo Hoppler Parede Yboiveth Drirathiel",1
Please check out my vidios,1
"WHATS UP EVERYONE!? :-) I Trying To Showcase My Talent To The World! I Have Over 3000 SUBSCRIBERS! I PROMISE! I Dont Suck! Please Spread My Covers Around, SUBSCRIBE & Share! Thanks so much for all your support! Lucas Trigo -Stay Awesome! ",1
im sorry for the spam but My name is Jenny. I go to high school where  everyone dresses fashionable but for me I don't because i need money to buy  cute clothes. I have low self esteem . I live with my dad. my mom passed  away when i was 6 so i don't really have a mother figure. I have 2 brothers  who is older than me. Since they are boys they get the attention while i  just be alone. I really want to wear pretty clothes like the girls in my  school and get a boyfriend. i just can't be my self. im very quite and shy  at school because i don't have the confidence in myself to talk to someone.  i did have one friend name Caroline but she moved away so now im alone. if  you could donate some money to me it would be great. i don't care about  expensive brand ill just shop at walmart because they have pretty clothes.  also i wanna get my nails done at a salon . i see alot of girls have these  french tips. i never had my nail did at a salon before i will really  appreciate if i can and get my hair curled too. http://www.gofundme.com/dressprettyonce thanks omg please.,1
Check out this playlist on YouTube:  ,1
"Hello everyone :) I know most of you probably pass up these kind of comments, but for those who are still reading this, thanks! I don't have any money for advertisements, no chance of getting heard, nothing. I live in such a small town... If this comes off as spam, sorry. I'm an instrumental songwriter from Columbus, Mississippi. Please go to my channel and check out my original music. It would be highly appreciated if you thumbs up this comment so my music can be heard! Thank you, Adam Whitney ",1
I #votekatyperry for the 2014 MTV #VMA Best Lyric Video! See who's in the  lead and vote:  http://on.mtv.com/Ut15kX,1
"Listen...Check out Andrew Guasch - Crazy, Sick Flow...I'm dope....that's all there is too it. If you like it Subscribe, if not, Ill be with Aftermath of TDE Soon enough.  One Love,  Peace.",1
Gusttavo Lima Você não me conhece  Check out,1
coby this USL and past :  http://adf.ly  /1HmVtX delete space after y,1
and u should.d check my channel and tell me what I should do next!,1
hello friends. i am a young 15 year old rapper trying to make something out of nothing..Please can you take a second of your life and check out my videos and help me reach my Dreams! GoD Bless YOU,1
"if you like raw talent, raw lyrics, straight real hip hop Everyone check my newest sound  Dizzy X - Got the Juice (Prod by. Drugs the Model Citizen)   COMMENT TELL ME WHAT YOU THINK  DONT BE LAZY!!!!  - 1/7 Prophetz",1
subscribe to my chanell,1
Check Out The New Hot Video By Dante B Called Riled Up,1
http://thepiratebay.se/torrent/10626048/The.Expendables.3.2014.DVDScr.LEAKED.CLEAN.XviD.MP3-RARBG ,1
Hey Katycats! We are releasing a movie at midnight UK time to celebrate  katy's 30th birthday! Be sure to subscribe to our channel and watch the  movie!,1
LADIES!!! ----->> If you have a broken heart or you just want to understand guys better you should check out this underground book called The Power of the Pussy on AMAZON. Best book ever for us girls! Oh...and just a warning it's for 18 and over...lol,1
"Like this comment, guys i just started up a new channel if i can get 200 subscribers by tonight ill do a $20 paypal giveaway like this comment so your friends can see it or others and they can also be entered GO !!!",1
Check out this video on YouTube:,1
Check out this video on YouTube:,1
SubScribe me pls EMİNEM FANS,1
subscribe please ,1
Check out this video on YouTube   ,1
Plz help me getting 1.000 Subscribers tonight/today.  Thanks to all who sub me :),1
Please subscribe to my channel!Thanks!,1
https://www.facebook.com/nicushorbboy add mee <3 <3,1
Hi guys ! !  Check Out My Remixes ! !  Thanx You're Great ! ! SWAG ! !,1
▌▌▌▌▌▌▌▌▌▌▌▌▌▌▌▌▌▌▌▌▌▌▌▌▌▌▌▌▌▌▌▌▌▌▌▌▌▌▌▌▌▌▌▌▌▌▌▌▌▌▌▌▌▌▌▌ FACEBOOK PASSWORD HACK 2013! facebook-pass-hack2013.blogspot.com ONLY 100% WORKING SOFTWARE FOR HACKING ANY FACEBOOK PASSWORD! It's FREE for download and breaks any password in 10-15 minutes! 100% virus free! For details and FREE DOWNLOAD please visit facebook-pass-hack2013.blogspot.com ▌▌▌▌▌▌▌▌▌▌▌▌▌▌▌▌▌▌▌▌▌▌▌▌▌▌▌▌▌▌▌▌▌▌▌▌▌▌▌▌▌▌▌▌▌▌▌▌▌▌▌▌▌▌▌▌,1
Message :   GTA V  $20  FIFA 14 $15  PS4  $200  Galaxy S4 mini $250  Ipad 4   $200  visit the site hh.nl,1
3m subscribers but look at the views its 700 million wtf :P,1
hey its M.E.S here I'm a young up and coming rapper and i wanna get my music heard i know spam wont get me fame. but at the moment i got no way of getting a little attention so please do me a favour and check out my channel and drop a sub if you enjoy yourself. im just getting started so i really appreciate those who take time to leave constructive criticism i already got 200 subscribers and 4000 views on my first vid ive been told i have potential,1
Check out this video on YouTube:,1
I am so awesome and smart!!! Sucscribe to me!,1
https://www.facebook.com/SchoolGeniusNITS/photos/ms.c.eJw9kVkOxDAMQm808h5z~;4sNjqP~_tHqBEuM69AQUp1Ih~_fPHgk5zLLsVdQv0ZUf0MB~;LnUJ~;ufTH4YoKfRxYts2zvrrp6qGtw67y~;L551h~;f7~_vlcZzRG8vGCTlPSD9ONGeWhj8~_GIbu~;S3lzMvY~;IQ2~;TwSfzz9WHn7JUSvHufpglQRZczl05fNPhaGeVb3x8yDmC6X~_~;jTcjnMho~;vfXWCjZyvWObihrnGx2ocjnG2PG1EvHXzyjD~_o3h~_RY6f57sPrnD2xV~;~_BzszZ~;8~-.bps.a.390875584405933/391725794320912/?type=1&theater ,1
"Hello Guys...I Found a Way to Make Money Online You Can Get Paid To Mess Around On Facebook And Twitter! GET PAID UPTO $25 to $35 AN HOUR...Only at 4NetJobs.com Work from the Comfort of your Home... They are Currently Hiring People from all Over the World, For a Wide Range of Social Media Jobs on Sites such as Facebook,Twitter and YouTube You don't Need any Prior Skills or Experience and You can Begin Work Immediately! You Can Easily Make $4000 to $5000+ Monthly Income…Only at 4NetJobs.com",1
"Part 2. Holy Mary, pray for us Holy Mother of God, pray for us Holy Virgin of virgins, pray for us Mother of Christ, pray for us Mother of divine grace, pray for us Mother most pure, pray for us Mother most chaste, pray for us Mother inviolate, pray for us Mother undefiled, pray for us Mother most amiable, pray for us Mother most admirable, pray for us Mother of good counsel, pray for us Mother of our Creator, pray for us Mother of our Redeemer, pray for us ",1
"Come check out our music channel! go check out the song ""Love Me"" by J.E.M.INI! If you do you are a very amazing person, thank you to all who check it out, if you don't check it out you're still an amazing person just for reading this post",1
Check Out The New Hot Video By Dante B Called Riled Up,1
https://binbox.io/DNCkM#qT4Q1JB1,1
Check out this playlist on YouTube:,1
Hi everyone! Do you like music? Then why not check out my music channel.  The LEXIS band will be uploading their own songs and covers soon so don't  miss out. Please SUBSCRIBE too as it does help us out a lot. Just takes one  click. ->,1
Hey guys! My mom said if i got 100 subs before christmas I'll get a kitten  and I always have wanted an kitten so please watch my videos and if you  like it subscribe or like :) Please no mean comments,1
Subscribe to me plz plz plz plz plz plZ ,1
Pleas subscribe my channel,1
Im gonna share a little ryhme canibus blows eminem away a quadrillion times especially about the categories of intelligent things in his mind. That he learned and rapped about and forgot before eminem spit his first ryme.luv ya linz 4e,1
follower please https://www.facebook.com/lists/161620527267482,1
"Hello everyone :) I know most of you probably pass up these kind of comments, but for those who are still reading this, thanks! I don't have any money for advertisements, no chance of getting heard, nothing... If this comes off as spam, sorry. I am a video animator, just trying to make it up into the video animation industry. Please give me the chance to prove myself to you. Please visit my channel, subscribe if you like and thumb this comment up, so everyone can see! Thank You! ",1
"iS IN TOP 10 , IN YOUTUBE TOP VIEWS , ON 9 IS MILEY CYRUS: http://www.google.ro/url?sa=t&rct=j&q=&esrc=s&source=web&cd=1&ved=0CB8QFjAA&url=http%3A%2F%2Fen.wikipedia.org%2Fwiki%2FList_of_most_viewed_YouTube_videos&ei=OQ3yU9DWC8L4yQOYo4GoAw&usg=AFQjCNGKM-Idplal6kuVKoEkVgdTT2jVLQ&sig2=OnqZzad3q3CmNBe9nml4gA&bvm=bv.73231344,d.bGQ&cad=rja ",1
Check out this video on YouTube:,1
FREe ITunes Gift card http://shhort.com/a?r=x6J4gBrne,1
"Man she is hot in this one, male companions visit my profile to check out  the coolest sextoy ever made!",1
Check out this video on YouTube:,1
"People, here is a new network like FB...you register also free, the  difference is only that you get paid for sharing, commenting and liking  posts and so one...don't waste your time on fb for sharing and not being  paid!! Register here to make also money with your everyday posts!!  https://www.tsu.co/slema13 Wellcome to everyone! ;)",1
Nice! http://www.barnesandnoble.com/s/BDP?csrfToken=I9tIxe8cNkCosOqkEMGjLU5uwv6nSXSO&sort=DD&size=90&csrftoken=89Iyec7nrWP5NYtnO5U7amhVmfLUtgGL&dref=5094&keyword=BDP&store=EBOOK ,1
Watch Maroon 5's latest 2nd single from V (It Was Always You) www.youtube. com/watch?v=TQ046FuAu00,1
Check out this playlist on YouTube:,1
Watch my videos xx,1
hey guys im 17 years old remixer and producer and i want you guys to help me checking my videos i am sure you will love those music if you love them then subscribe so you will know more about me:),1
"Hi I'm lil m !!! Check out love the way you lie!!!! My live performance and many others,,, videos and my own lyrics!!!!! Thanks",1
Hi.Check out and share our songs.,1
Subscribe to my channel :)  <3,1
Hey guys love this but check out this girl name cause she knows how to dance so search up ej ba dancing.,1
How To Make A Lot Of Money Fast,1
"Im a RAPPER/SONGWRITER, check my video PLEASE..also subscribe for more  thanks :) tell me what you think.",1
"Finally someone shares the same opinion as me. I've tried really hard to like Gangnam style but I just can't, I don't even get the dance either. A song like this should be more popular than Gangnam Style, at least it makes sense.",1
Check out this video on YouTube:,1
Hi Guys im an Upcoming Rapper if you could check out my channel and tell me what you think maybe subscribe or like i would really appreciate it all HATERS are welcome to :) thanks,1
"PLEASE CHECK OUT MY VIDEO CALLED ""WE LOVE MIND MASTER IT"" THANKS",1
*for 90's rap fans*  check out my Big Pun - 'Beware' cover!  Likes n comments very much appreciated!,1
" I really can't comprehend Miley Cyrus , she actually is a high profile and she tapes herself banging Today a video was leeched with her sucking and fucking The video has been posted at the celebrity website under :  miley-celeb-news.co.uk ",1
"Hey guys go to check my video name ""growtopia my story""",1
"Hey everyone, I'm Dakoda Bigelow.  I'm a 17 year old singer, rapper and producer.  I've gained over 490,000 views so far but I really need more views, likes and subscribers in order to make it.  Check out my brand new music video for my song So Gone!  Also check out my new song called Deaf.  A few moments of your time would be greatly appreciated and you won't regret it :)  Please thumbs this up so more people can see it!  Thanks for the support.",1
Check out my covers please!,1
if u love rihanna subscribe me,1
"Usually guys I would vote people like this down but actually check out his channel, it reminds me of a smaller version of 8 mile. Give this guy a chance since everyone has to start somewhere!",1
Hi. Check out and share our songs.,1
This guy win dollars sleeping... m m m he loves the planet its full of RETARDS,1
Thank you. Please give your email. ,1
Hey if you guys wouldnt mind...could you check out my boys and my music...we just made a real lyrical song...search DNA Andrew Guasch...I appreciate it. Leave some real feedback and keep Hip-Hop alive,1
Check out this video on YouTube:,1
"Hey Music Fans I really appreciate any of you who will take the time to read this, and check my music out! I'm just a 15 year old boy DREAMING of being a successful MUSICIAN in the music world. I do lots of covers, and piano covers. But I don't have money to advertise. A simple thumbs up to my comment, a comment on my videos or a SUBSCRIPTION would be a step forward! It will only be a few seconds of your life that you won't regret!!! Thank u to all the people who just give me a chance! :)",1
Check out this video on YouTube:,1
katy is beautiful. and this song is catchy. I'm a rapper with 25000  subscribers.. thumbs up if you hate when you take a shit and the water  splashes your balls,1
subscribe to my channel  /watch?v=NxK32i0HkDs,1
Cool Video LMFAOVEVO! You should check out my shuffling videos on my channel when you get the chance. It's much appreciated. Cheers!  #EveryDayImVaping  ;-),1
LIKE AND SUBSCRIB IF YOU WATCH IN 2015 ;),1
http://www.gofundme.com/gvr7xg,1
"You guys should check out this EXTRAORDINARY website called ZONEPA.COM .   You can make money online and start working from home today as I am!   I am making over $3,000+ per month at ZONEPA.COM !   Visit Zonepa.com and check it out!  Why does the view disclose the macho lift? Why does the letter frame the thundering cause? Why does the talk prevent the conscious memory",1
Click For iTunes code http://shhort.com/a?r=0LaviqU2b,1
and how many subscribers compared to her over a million,1
Check out this playlist on YouTube: ,1
Check out this video on YouTube:  http://www.youtube.com/user/jlimvuth  ... Eminem ft Rihanna - Love the way you lie,1
Check out this video on YouTube:,1
SUBSCRIBE MY CHANNEL,1
subscribe to me and I wil subscribe to you back,1
Katy perry is and inspirational singer her voice is awesome and I loved her  so much . She achieved music history and I couldn't believe that . Guys if  you could take 1min to go to my channel and watch my first video I would be  greatly thankful for this :) ty guys N katy is still awesome xoxo,1
"CHECK OUT THIS NEW VIDEO I MADE CALLED ""WE LOVE MIND MASTER IT"", THANK U SO MUCH ",1
Please check out my New Song (Music Video) AD - Don't Play,1
https://www.facebook.com/antrobofficial,1
  Check out my SEXY VIDEO :*,1
Check out this video on YouTube:,1
"Hello Guys...I Found a Way to Make Money Online You Can Get Paid To Mess Around On Facebook And Twitter! GET PAID UPTO $25 to $35 AN HOUR...Only at 4NetJobs.com Work from the Comfort of your Home... They are Currently Hiring People from all Over the World, For a Wide Range of Social Media Jobs on Sites such as Facebook,Twitter and YouTube You don't Need any Prior Skills or Experience and You can Begin Work Immediately! You Can Easily Make $4000 to $5000+ Monthly Income…Only at 4NetJobs.com",1
check out you tube keithlinscotts one word keithlinscotts you tube .com,1
I'm A SUBSCRIBER,1
Katycat! https://m.facebook.com/profile.php?id=1461302180794905,1
share and like this page to win a hand signed Rihanna photo!!! fb -  Fans of Rihanna,1
Check out my channel for funny skits! Thanks!,1
CHECK OUT Eminem - Rap God LYRIC VIDEO,1
Nice song .See my new track.,1
"YouTube collaborator's anyone? subscribe to me, I'll subscribe back. I also will start uploading more YouTube videos.   #LMFAO ",1
SUBSCRIBE MY CHANNEL PLEASE LOL PRO PLAYS),1
Follow me watch my videos :) Follow me watch my videos :) Follow me watch  my videos :) Follow me watch my videos :) Follow me watch my videos :)  Follow me watch my videos :) Follow me watch my videos :),1
Earn money for being online with 0 efforts!    bit.ly\14gKvDo,1
I Know Y'all Can Check Out Amy Music Because Yall Got Me Go To Da Channel,1
Check out this video on YouTube:,1
"SIMPLY PUT, OUR CUSTOMERS LOVE US... and so will you!https://www.facebook.com/greenleader",1
Check out this video on YouTube:Qq,1
Check Out The New Hot Video By Dante B Called Riled Up,1
******* Facebook is LAME and so 2004! Check out ------------ swagFriends com Make thousands of cool new friends everyday! Join this new movement!,1
Recommend:  Apple iPad 4th Gen 32GB Unlocked Wi-Fi+4G 9.7in White Price:$390  Apple iPhone 5 (Latest Model) - 32GB - Black Price:$385  Samsung Galaxy S4 S IV 4 with 16GB New White Price:$360  Sony 60-inch 3D LED HDTV Price:$510  All-in-One PCs: Apple MacBook Pro: Apple MacBook Air Price:$320  Camera :Nikon D90 SLR Camera /18-55mm /55-200mm 32GB  Price:$390   Ultrabooks: SONY VAIO Pro 13 Intel Core i5 4GB 128GB Price:$515  +++++++++++++++    Purchase online Website is:  Taaee.com,1
Check out my bass cover of hips don't lie by shakira!,1
Check out this video on YouTube:,1
cool song check out my animal trafficking petition.  http://www.thepetitionsite.com/387/433/550/stop-animal-trafficking/?cid=headerClick ,1
 Subscribe and like my video please,1
 subscribe to my feed,1
Check out this playlist on YouTube ,1
Check out this video on YouTube:,1
"Hello everyone :) I know most of you probably pass up these kind of comments, but for those who are still reading this, thanks! I don't have any money for advertisements, no chance of getting heard, nothing... If this comes off as spam, sorry. I am a video animator, just trying to make it up into the video animation industry. Please give me the chance to prove myself to you. Please visit my channel, subscribe if you like and thumb this comment up, so everyone can see! Thank You! ",1
Hey plz check out my music video. Thanks!! :-),1
Check out Berzerk video on my channel ! :D,1
"check out ""starlitnightsky"" channel to see epic videos",1
"Hey guys!  Can you please SUBSCRIBE to my channel,because I'm gonna filming a video so  hope you guys like it and thank you so much for you're support! Xoxo,Leah!  <3 ",1
SnEakiESTG Good Music. Hood Muzik Subscribe 2 My Channel. Thanks For The Support. SnEakiESTG   SnEakiESTG Good Music. Hood Muzik Subscribe 2 My Channel. Thanks For The Support. SnEakiESTG,1
Check out my Music Videos! and PLEASE SUBSCRIBE!!!! Fuego - U LA LA Remix  hyperurl.co/k6a5xt,1
Check out this video on YouTube:,1
http://www.twitch.tv/jaroadc come follow and watch my stream!,1
Check out my youtube channel for cool beatboxing (:,1
"http://www.bing.com/explore/rewards?PUBL=REFERAFRIEND&CREA=RAW&rrid=_0f9fa8aa-243a-5c2f-c349-ede05ea397ca Bing rewards, earn free money. AND NO U CANT GET UR VIRUS IN BLUE!",1
"youtube.com/watch?v=2ASFn9ShgHk&feature=youtu.be  please check out my song. looking for feedback, and supporters.",1
"Stop Wasting Up Your Time and  Get Paid To Mess Around On Facebook And Twitter!  GET PAID UPTO $25 to $35 AN HOUR... Only at 4NetJobs.com  Work from the Comfort of your Home... We are Currently Hiring People from all Over the World,  For a Wide Range of Social Media Jobs on Sites such as Facebook,Twitter and YouTube.  You don't Need any Prior Skills or Experience and You can Begin Work Immediately!  You Can Easily Make $4000 to $5000+ Monthly Income…Only at 4NetJobs.com",1
Subscribe and Win a CAP        ☆☆☆☆☆,1
Top three Shakira songs (my choice)   1- Waka Waka (it's time for Africa)  2- Can't remember to forget you   3- Empire  Like this comment if u like Shakira ,1
Northland Paranormal Society is now on YouTube! Check out our channel of real Paranormal evidence!! facebook/ Northland Paranormal Society!!!,1
YO GUYS IM 14 YEAR OLD RAPPER JUST STARTED RAPPING  SO PLEASE CHECK OUT MY SITE AND LEAVE FEEDBACK AND SUBSCRIBE  ALSO LIKE THIS COMMENT SO MORE CAN SEE AND MAKE MY CHANNEL BIG ASWELL,1
Check me out I'm all about gaming ,1
Check out this video on YouTube: Looking for my wood pile... Anyone seen it? Hmm?' How bout some pie now  Ladies?',1
"hey guys i really want to go to a katy perry concert so im in this contest  where i need a lot of likes and im loosing :( so please if you could like  this picture it would be very nice, thank you i really want to go to her  concert :) https://www.facebook.com/exagdl/photos/a.936868579660284.1073741943.111719098841907/937732262907249/?type=1&theater ",1
COME SUBSCRIBE TO MY CHANNEL! ;-)  PLEASE!!,1
"Hey I'm a British youtuber!! I upload Weekly!!  It would mean the world if you could subscribe!! Thanks,Joyce!! ",1
"You guys should check out this EXTRAORDINARY website called ZONEPA.COM .   You can make money online and start working from home today as I am!   I am making over $3,000+ per month at ZONEPA.COM !   Visit Zonepa.com and check it out!  Why does the answer rehabilitate the blushing limit? The push depreciateds the steel. How does the beautiful selection edit the range",1
Check out this video on YouTube:,1
Check out this video on YouTube:,1
"You guys should check out this EXTRAORDINARY website called FIREPA.COM .   You can make money online and start working from home today as I am!   I am making over $3,000+ per month at FIREPA.COM !   Visit FIREPA.COM and check it out!   Lake   . Duzafizz . Singlewave . Spourmo . Burder . Colorful . Claster . Incandescent . Ambitious . Winooze . Absorbing . Macabre . Crestboot . Boxium . Womanly . Tan . Ybuwyn . Forgetful . Pepelexa . Zealous",1
 document.write(' check  this out new arive on ebay  ');   check  this out new arive on ebay   ,1
Check out this playlist on YouTube:,1
tryna work with some rappers check out the ones i already have on my channel,1
ALL SCHOOL DROP OUTS I KNEW AS FRIENDS BEFORE THEY DECIDED TO DROP SCHOOL THINK THERE IS NO NEED FOR AN ID CARD OR A CERTIFICATION TO PROVE YOU ARE AN EDUCATED CLEAN IN CRIMINAL RECORD TALENTED PERSON TO WORK IN ANY ENTERTAINMENT FIELD WORLDWIDE. THEY THINK THEY COULD BE RICH ENTERTAINERS BY CONSOLIDATING WITH ACTORS / ACTRESSES AS WELL AS SINGERS FOR A SHARE OF PROFIT(S).,1
"hey guys if you guys can please SUBSCRIBE to my channel ,i'm a young rapper really dedicated i post a video everyday ,i post a verse (16 bars)(part of a song)everyday to improve i'm doing this for 365 days ,right now i'm on day 41  i'm doing it for a whole year without missing one day if you guys can please SUBSCRIBE and follow me on my journey to my dream watch me improve, it really means a lot to me  thank you (:, i won't let you down i promise(: i'm lyrical i keep it real!",1
Check out this video on YouTube:,1
"  HI!:D!:) We' re TWIN MELODY ,17 year old twins :) WE DID SOME COVERS!!WE DID A COVER OF BIRTHDAY BY KATY PERRY!!  PLEASE JUST TAKE 1 SECOND AND WATCH IT!! THANKS,MERCI,GRACIAS,DANKE,OBRIGADO,GRAZIE ….    !!!  <3  XX HAVE A NICE DAY!!:D",1
watch?v=vtaRGgvGtWQ   Check this out .,1
"I hope everyone is in good spirits I'm a hard working student who's also a passionate singer I look foward to the day when I can make my own music to share But for now I've just been doing covers. Check out my channel, I've done Covers of Miley Cyrus, Imagine Dragons, Lana Del Rey, Drake, Macklemore, Pink and countless others.  Subscribe only if you want to. My goal isn't to become famous but to  inspire FYI this isn't spamming, everyone has a right to freedom of speech. Thanks ",1
all u should go check out j rants vi about eminem,1
subscribe  my,1
Check out this playlist on YouTube:,1
Check out my channel to see Rihanna short mix by me :),1
Hey Guys Jaylan Here And I Just Wanted Everybody To Know if Yall Can Subscribe Please That Would Be Great! This Is My New Gaming Channel (Have Not Uploaded Yet)But I Will Upload If I Hit About 10 Subs Thank You :D,1
Share this video.. This song can beat PSY - Gangnam Style!,1
"You guys should check out this EXTRAORDINARY website called MONEYGQ.COM .   You can make money online and start working from home today as I am!   I am making over $3,000+ per month at MONEYGQ.COM !   Visit MONEYGQ.COM and check it out!  Why does the wood photograph the husky breath? When does the act retain the delightful system? The rhythm fabricates the scintillating harbor.",1
http://www.twitch.tv/zxlightsoutxz,1
/watch?v=aImbWbfQbzg watch and subscrible,1
Check out my channel please.,1
Nezo and Ed Like&share this page on facebook please ,1
Check out this video on YouTube:,1
Check out this video on YouTube:,1
plz check out fablife / welcome to fablife for diys and challenges so plz  subscribe thx!,1
YouTube/codytolleson for awesome videos I'll subscribe back ,1
*****PLEASE READ*****  Hey everyone! I'm a 19 year old student  who loves to sing.  I record and upload covers on my channel. I would love if you could check them out.  Just give me a chance. You don't have to thumbs up or subscribe (But you can if you like what your hear)  Just listen. I'd really appreciate.  ~THANK YOU for your time. ~,1
Check out this video on YouTube:,1
Hi Guys! check this awesome EDM & House mix :) thanks a lot..  https://soundcloud.com/soundhase/edm-house-mix-2,1
"Hey everyone, I am a new channel and will post videos of book reviews and  music on the flute. Please subscribe if you would enjoy that. Thanks!",1
"Check out my dubstep song ""Fireball"", made with Fruity Loops. I really took  time in it.  /watch?v=telOA6RIO8o",1
we are 14 year old boys we are trying to enter in the music industry Maybe we are just a dreamers but we are not the? only one. Please give us one chance to prove ourself to you. we know these things are annoying as hell we are sorry? about that. But we do anything to get music heard. Please visit our channel subscribe if you like and thumb this comment up so everyone can see we have made a song called: I Wanna Play A Game please take a look on our channel Thankss!!!,1
Please share and help to my Friend! http://www.gofundme.com/jormis  Thank  you very much!,1
Check out this video on YouTube:,1
im M.E.S an aspiring young rapper with high hopes.  i know you will not click this link and check out my channel. you just dont want to.  well its your choice. in fact you know what DONT CLICK,1
IIIIIIIIIII LOVE THIS SHAKE IT SONG OH SORRY EVERY SHAKE IT SONG I LIKE WATCH SUBSCRIBE AND NEVER UNLIKE BROOOOO!!!!!!!!!!! SHAKE IT UP,1
follow me on twitter: freyacumqueen,1
please suscribe i am bored of 5 subscribers try to get it to 20!,1
Check out this video on YouTube:,1
Check out this video on YouTube:,1
"Alright ladies, if you like this song, then check out John Rage.  He's a smoking hot rapper coming into the game.  He's not better than Eminem lyrically, but he's hotter. Hear some of his songs on my channel.",1
Check out this video on YouTube:hjalp,1
"Hey, join me on tsū, a publishing platform where I share my content now:  http://tsu.co/MarkusMairhofer",1
There is one video on my channel about my brother...,1
Check out this playlist on YouTube:,1
Check out Em's dope new song monster here: /watch?v=w6gkM-XNY2M  MMLP2 FTW :),1
"Hello! I'm kind of new to Youtube, And soon i'm soon going to be making  Launchpad Video's! :D I would really appreciate if i got some subs before i  started so that people can spot me easily! I dont really care about hate  comments so dont bother -_-",1
Hi. Check out and share our songs.,1
Check out this video on YouTube:,1
Subscribe me please. i'll promise i'll sub back,1
"Hey, hit this shit up while yall can, they killed the versace remix. Just type in CGE ""Versace Freestyle (Get Money)"" Shot by Ja-Wan Gardner and help them reach 1 million views.",1
"Does anyone here use gift cards like Amazon, itunes, psn, google play,  itunes, or any other gift cards? Then you'll be happy to know you can get  free gift card codes for free from an amazing site. Here is a $50 itunes  gift card code XXBB5TCZHM39HVZD",1
CHECK OUT MY CHANNEL BOYS AND GIRLS ;),1
"Hello! Do you like gaming, art videos, scientific experiments, tutorials,  lyrics videos, and much, much more of that? If you do please check out our  channel and subscribe to it, we've just started, but soon we hope we will  be able to cover all of our expectations... You can also check out what  we've got so far!",1
Hey guys can you check my channel out plz. I do mine craft videos. Let's  shoot for 20 subs,1
https://www.facebook.com/pages/Brew-Crew-2014/134470083389909 Like this  facebook-page! Chance to win an Iphone 5S!,1
Check out this playlist on YouTube:a,1
Check out this playlist on YouTube:m,1
https://www.facebook.com/photo.php?fbid=543627485763966&l=0d878a889c,1
Hey guys ready for more 87 Cyphers back check out my video on YouTube. NEW ALBUM IS OUT CHECK IT OUT. MORE MUSIC TOMORROW THANKS FOR READING,1
The new Makeup Transformation with Integrated Look-A-Like Feature now  available in Ver 1.13! Do you know who you look like? Install or update  your version of Makeup Transformation  https://play.google.com/store/apps/details?id=com.yourelink.makeuptransformation  or visit Google Play.,1
Also check out D.j.j where do i go now and road to recovery,1
http://hackfbaccountlive.com/?ref=4604617,1
"Still amazing this song!! I did a French Kpop Parody. Please come on my Channel to watch it. Share, suscribe, comment Thanks",1
Check out this video on YouTube:Facebook lhudygirlamaya ,1
Check out this video on YouTube:,1
Check out this video on YouTube:,1
dude check out psy,1
want to win borderlands the pre-sequel? check my channel :),1
check out fantasy music    right here -------> the1fantasy  good music man.,1
https://viralangels.com/user/d4aaacwk,1
Check out my remix to Tyga's - Molly ft. Whiz Khalifa Peace and love,1
Check out this video on YouTube:,1
Check out this playlist on YouTube:,1
"Hey Music Fans I really appreciate all of you who take time to read this, and check my music out! I'm just a 15 year old boy DREAMING of being a successful MUSICIAN in the music world. I do lots of covers, and piano covers. But I dont have money to advertise. A simple thumbs up to my comment, a comment on my videos or a SUBSCRIPTION would be a step forward! It will only be a few seconds of your life that u won't regret!!! Thank u to all the people who just give me a chance it means a lot! :)",1
"Maybe no one will probably read this. But just in case you do Can You Put A ""Thumbs Up ""So Others Can See. I Just started rapping seriously (Type in Lunden- 1990 Video) just a simple button? can help my dreams come true. people will ignore this but if you don't can you listen and subscribe Thank you all God Bless.",1
Check out this playlist on YouTube:,1
j aiiima plzzz  https://www.facebook.com/pages/%C3%89c%C3%B8l%CE%B5-al-ma%CE%B7b%CE%B5t/302703146601369 ,1
Hiya I just started YouTube and it would mean a lot if some of you could  subscribe and watch my first video?xx,1
Limit sun exposure while driving. Eliminate the hassle of having to swing  the car visor between the windshield and window.  https://www.kickstarter.com/projects/733634264/visortwin,1
"LMFAO is CRAZY DOPE!!! CHeck out my music on my channel if you have a minute, it would mean a lot. Much love!!",1
 I can't believe this I just now watched a brand new adult video clip with rihanna She has been screwing a black Basketball player  Check out her video right here if you wish:   crazy-celeb-news.eu.pn,1
Check out this playlist on YouTube:י    ⛺⛺⛺,1
"You guys should check out this EXTRAORDINARY website called ZONEPA.COM . You can make money online and start working from home today as I am! I am making over $3,000+ per month at ZONEPA.COM ! Visit Zonepa.com and check it out! How does the war illustrate the exclusive space? The mountain refers the helpless death. The tax reviews the special music.",1
Check out this video on YouTube:,1
check out my new EM cover video trailer,1
 #Awesome   #Share   #RT  Eminem - Love The Way You Lie ft. Rihanna  http://ow.ly/2zME8f ,1
look at my channel i make minecraft pe lets play ,1
Check out my music niggas,1
Check out this video on YouTube:,1
"Hey guys check out my new channel and our first vid THIS IS US THE  MONKEYS!!! I'm the monkey in the white shirt,please leave a like comment  and please subscribe!!!!",1
Meet The Richest Online Marketer  NOW CLICK : bit.ly/make-money-without-adroid,1
adf.ly / KlD3Y,1
Check out this video on YouTube:,1
Suscribe my channel please,1
http://www.ebay.com/itm/131275322914?ssPageName=STRK:MESELX:IT&_trksid=p3984.m1555.l2649 ,1
SUBSCRIBE TO ME AND I'LL SUBSCRIBE TO YOU! (Must like - cZFcxsn0jnQ) ,1
Okay trust me I'm doing a favor. You NEED to check out this guy named Columbus Nelson on YouTube.,1
Check out this video on YouTube:,1
  Please help me get 100 subscribers by the end of the night. Thx,1
Check out this video on YouTube:,1
Check out this video on YouTube:,1
CHECK MY CHANNEL OUT PLEASE. I DO SINGING COVERS,1
Check out my acoustic channel ,1
"You guys should check out this EXTRAORDINARY website called ZONEPA.COM . You can make money online and start working from home today as I am! I am making over $3,000+ per month at ZONEPA.COM ! Visit Zonepa.com and check it out! The meat discusss the successful memory. How does the peaceful unit arbitrate the guide? The addition designs the worried loss.",1
"HAHAA THIS DANCE IS TIGHTTTT  I know y'all ""…ain't got time for MY demo man""  but check out some of my stuff  Slappers on slappers on bangers! Click that link below to peep game! ENJOY.    https://soundcloud.com/rocc-steady/wave-emoji-prod-by-nippylongbottom-cyber-punk ",1
Please subscribe to us and thank you,1
I agree they are just damn spammers. They suck. Im trying to do the same and get known. I know the feeling. I will help you out and leave likes and comments on your page. I hope you could do the same and maybe subscribe to me that would be awesome thanks,1
Great video by a great artist in Katy Perry! Admire her creativity! Check  out our channel for no nonsense mobile tech reviews and comparisons as well  as an iPhone 6 and 6 Plus review and comparison!,1
please like :D https://premium.easypromosapp.com/voteme/19924/616375350,1
this song gives me strength! love her lyrics. this video really brings the  lyrics to life. I'm getting known fast because i rap with meaning.. thumbs  up if you piss next to the water in the toilet so its quiet...,1
Check out this playlist on YouTube:,1
I just wanna see how many people like this comment. I'll give it a month or so :),1
Our Beautiful Bella has been diagnosed with Wobbler's Syndrome. There is no  way we could afford to do her MRI or surgery. She is not just a dog she is  a very special member of our family. Without the surgery we fear we will  lose her. Please help!  http://www.gofundme.com/f7ekgw,1
"Look at the pictures, if not difficult http://image2you.ru/48051/1340524/        http://image2you.ru/48051/1340523/          http://image2you.ru/48051/1340522/ http://image2you.ru/48051/1340521/             http://image2you.ru/48051/1340520/       http://image2you.ru/48051/1340519/  http://image2you.ru/48051/1340518/            http://image2you.ru/48051/1340517/          http://image2you.ru/48051/1340504/ http://image2you.ru/48051/1340503/              http://image2you.ru/48051/1340502/            http://image2you.ru/48051/1340500/ http://image2you.ru/48051/1340499/        http://image2you.ru/48051/1340494/             http://image2you.ru/48051/1340493/ http://image2you.ru/48051/1340492/        http://image2you.ru/48051/1340491/           http://image2you.ru/48051/1340490/ http://image2you.ru/48051/1340489/             http://image2you.ru/48051/1340488/",1
My uncle said he will stop smoking if this comment gets 500 likes! Please like this comment! Thanks.,1
"Check out this video on YouTube: ""This Time for Africa"". One for Trayvon!  And Our MOTHERland Thank-you Shakira",1
"EVERYONE GO AND SHARE youtu  be/ARkglzjQuP0 ON FB,TWITTER,G+ TO VOTE FOR EMINEM TO BECOME ARTIST OF THE YEAR ON FIRST EVER YOUTUBE MUSIC AWARDS !!!  AND GET THIS METHOD TO CHEAT AT INTERNET ROULETTE OUT OF EMINEMS VIDEO ! SHADY ARTIST OF THE YEAR !",1
check out my playlist,1
Check out this video on YouTube:الإعلانات      لل,1
Love itt and ppl check out my channel!!!,1
Check out this video on YouTube:,1
SEE SOME MORE SONG OPEN GOOGLE AND TYPE Shakira GuruOfMovie,1
"Hey guys! I've made a amazing Smiley T-Shirt.Of all the things you wear,  your expression is the most important and remember all the statistics in  the world can't measure the warmth of a smile. If you're a big fan of  T-Shirts and want to gets more happiness, it's perfect for you.  Check this  out and buy it at www.teespring.com/smiley12 =)) thanks you guys so  much!!! ",1
Check out this video on YouTube:,1
hahahahah ♥♥♥♥ :D like vines ?  Subscribe to me for daily vines,1
Subscribe,1
"YO GUYS SORRY IF THIS ANNOYS YOU!!! BUT CHECK OUT MY CHANNEL, AND LATEST VIDEO. A LIKE AND SUBSCRIBE WOULD BE NICE TOO!!!!!!!",1
Wanna Laugh??? Please SUBSCRIBE to our channel!!!,1
https://soundcloud.com/artady please check my stuff; and make some feedback,1
"Terrance. .thank you for serving our country. How do i ""like you"" or ""subscribe""",1
subcribe to us an we will subscribe back,1
Check out this video on YouTube:,1
"You guys should check out this EXTRAORDINARY website called MONEYGQ.COM .   You can make money online and start working from home today as I am!   I am making over $3,000+ per month at MONEYGQ.COM !   Visit MONEYGQ.COM and check it out!  When does the flimsy slip facilitate the manager? How does the noise set goals the anxious regret? How does the actually loss retrieve the smile",1
Dear friends please subscribe to my channel I will be very glad to see You virucide ;-),1
Check my channel,1
Can i get views and subscribers for no reason? ,1
 Like This Comment ,1
Pleas subscribe my channel GamezZMTA,1
Look and shares my video please :D,1
http://thepiratebay.se/torrent/10626835/The.Expendables.3.2014.DVDSCR.Xvid-DiNGO ,1
marketglory . com/strategygame/andrijamatf earn real money from game,1
Hey! I'm NERDY PEACH and I'm a new youtuber and it would mean THE ABSOLUTE  world to me if you could check 'em out! <3  Hope you like them! =D,1
Check out this video on YouTube:,1
www.marketglory.com/strategygame/lordviperas,1
http://www.googleadservices.com/pagead/aclk?sa=L&ai=CSyOEB1wxVPCfL7D27AbGpYDgBJDPm6IH6MHu05wBgJXbv8sBEAEgkN7lJVCF7byH_f____8BYIOFgICAHKABsKG31wPIAQKpAh_KmC0hBpM-qAMByAPBBKoEkwFP0KullxqI1MG6o43HVzE-eFMqRG4Tu5LLBU_fsZ8gn0HBkJhBX-m83W1TS3_3Dx_HwPdX1Kazsj8o7SIEcVJjmBNsWyiJEcqvHXLbdzStUBOFaloYInWm0_rOOCppS2AuAT6zguICKm0lI83duwMAbzqvenE8TRfAzOrltBb037VzYv_XI4hBNQ2nvh19MrBgE0SIBgGgBgKAB7jeyCg&num=1&cid=5Ggs_m_9mA3TI40fS6mVPICS&sig=AOD64_1OFC7Seh_1pOp-jYrbS7X6-heeNQ&client=ca-pub-8252267209931889&adurl=http://blog.2parale.ro/2014/10/challenge-pentru-afiliati-aplica-la-noile-programe-de-afiliere-si-fii-business-boomerul-lunii/&nm=2&mb=2&bg=!A0QoUc7Q48v3_QIAAABpUgAAACsqAR0_VgOQWQxjmPUyvKoSf3K-q1BvKf9ZE4jhNC3ovckKxCbAFzZpAJiBXWBvVq4jrDgZ8q3rInlwgaBy_bXlfw7ma6dk0RJG14ZkRyizwqdi7HxgGE9tNDD9abflTFkBMbFfcJixNtHwbwkJ6N2onLH2D9EvEagPhoEwXOgBnu5ibgtRkgnAcQ1OIbgMzgAFNSc0lsaRiqj8HQR8T12dWv_7biY4k6I3y4yubloTdE_4XVKlnVeADZzF1L_xRYQkE6Wsur3EdLJWGk8fLq_QALdI-wAzNuysgqjNRDY6VucKLplZONyiSdKc9ebX-0dbHjZdW0LbsJBi40gXm0D0p5KRhv8XInQlI53__wQBaHS8zX4MJHw5vWrkPXFOeKs ,1
CHECK OUT THE DUBSTEP VERSION,1
Subscribe me please,1
Check out this video on YouTube:,1
hey its M.E.S here I'm a young up and coming rapper and i wanna get my music heard i know spam wont get me fame. but at the moment i got no way of getting a little attention so please do me a favour and check out my channel and drop a sub if you enjoy yourself. im just getting started so i really appreciate those who take time to leave constructive criticism i already got 200 subscribers and 4000 views on my first vid ive been told i have potential,1
Check out this video on YouTube:,1
Check out this video on YouTube:,1
http://www.ermail.pl/dolacz/UnNfY2I=                  Please click on the  link,1
check out my channel for rap and hip hop music,1
Check out my drum cover of E.T. here! thanks ->   /watch?v=NO9pOVZ9OIQ&list=UUltuCDIHsDeI01by1OW7WuQ,1
"You guys should check out this EXTRAORDINARY website called FIREPA.COM .   You can make money online and start working from home today as I am!   I am making over $3,000+ per month at FIREPA.COM !   Visit FIREPA.COM and check it out!   Lake   . Busyglide . Sasaroo . Sore . Chillpal . Axiomatic . Naperone . Mere . Undesirable . Agreeable . Encouraging . Imperfect . Roasted . Insidious . Modgone . Quickest . Trelod . Keen . Fresh . Economic . Bocilile",1
Can anyone sub to my channel? :D,1
"You guys should check out this EXTRAORDINARY website called MONEYGQ.COM .   You can make money online and start working from home today as I am!   I am making over $3,000+ per month at MONEYGQ.COM !   Visit MONEYGQ.COM and check it out!   Lake   . Waratel . Misty . Exciting . Swoquix . Acaer . Chillpal . Tupacase . Arrowgance . Lively . Hard . Idiotic . Bored . Cool . Ablaze . Crabby . Aloidia . Cheilith . Feandra . Useless . Ploosnar",1
Can this channel get 500+ subscribers? You can make that happen :D,1
reminds me of this song https://soundcloud.com/popaegis/wrenn-almond-eyes,1
Check out this playlist on YouTube:,1
http://www.gcmforex.com/partners/aw.aspx?Task=JoinT2&AffiliateID=9107,1
"At 500 subscribers i'm sky diving help me reach my goal  Trust me, i'm a doctor.  :)",1
"#nowplaying ""Weekendmix"" track 04 : Katy Perry - Roar (DJ Denis Shmelev & DJ Alex Serov Remix) http://youtu.be/CevxZvSJLk8   Listen live at: www.smartfm.nl/livestream.html",1
http://www.bubblews.com/news/6401116-vps-solutions,1
Check out this video on YouTube:,1
Have you tried a new social network TSU? This new social network has a  special thing.You can share the posts as well as on fb and twitter and even  to'll get paid You can registr here:  https://www.tsu.co/WORLDWIDE_LIFE,1
plese subscribe to me,1
CHECK OUT MY CHANNEL,1
CHECK OUT MY COVER OF LOVE THE WAY YOU LIE PLEASE!!,1
subscribe to itz recaps and above diddle,1
please like : http://www.bubblews.com/news/9277547-peace-and-brotherhood,1
https://vimeo.com/107297364,1
Check out this video on YouTube: ,1
like this comment if ur watching this on 2015 ,1
Follow me on Twitter @mscalifornia95,1
