text,label
me too! I've been feeling horrible about it...but better than writing when I'm not inspired.,0
"Today seems like a great day to get married! Ernst and Judith good luck, I'll be there to celebrate this day!",0
Gambatte ne! My brother's math competition,0
Ugh! 9 am but feels like 5 am ... thankfully B left me coffee ... thanks B xox,0
be back laterzzz tweeters!,0
"""The Barrel"" with my lady!",0
"Getting dressed for the EU voting now. Mmmh, I guess it will be something green!",0
yay done with study guides. now to actually study.,0
Clearly you suck at the internetz,0
why o why do i drink? and why does it hate me so much!!!!,0
"aww you're one of my favs too and lol at the car payments, i know what you mean sorta haha",0
"Punky Brewster is a hip hop head? That's insane! And, yet, extremely awesome!",0
Im 32wk today @davidotis try to keep up,0
damn left nostril is so clogged that i can't breathe out of it. damn you weather.,0
"ahhh, no more school. downside is work",0
It's a beautiful morning,0
made tic tac toe in 3 hours. (proud of self),0
"I haven't been playing piano for ages, and it really shows. I suck! Perhaps I should practice some more...",0
Watching Top Chef in my Top Chef shirt. How Cool Am I?!?!?!?!,0
We just got in from our midnight dig walk. So nice. It's scary to know that rapes have been taking place so close to here,0
thinks she has the bestest boyfriend for buying me a sega megadrive,0
not even sure what freaking happen but all I know is only the first paragraph is left. I think I'll cry now.,0
didn't see you at tuttle would have loved to have had a chat about your bees.,0
is in for the night. What a lame Friday..,0
the problem is that I _love_ to do everything myself,0
"I've come to the opinion that Telstra hate iiNet, there are always problems at the Telstra exchanges when moving",0
Anytime...best of luck...y'all are doing a great thing...God bless you!,0
2am and cant sleep Help,0
I think its possibly time for some marble slab ice cream,0
Time for Push Circuit 2. My poor kitty still sick. Will be bringing him in today.,0
"I am bummed, because I can't get my Bose surround system to turn on",0
chantel wants to know what the random bands name is...and its not mcfly...,0
i am freezing at the moment.. it's probably like 10 degree's or less.,0
Can't wait for new moon jacob shirtless gahhhhhhh!,0
i'm tired of feeling sick,0
listening to paranoid... nick makes me smile BUTTERFLIEZZZ,0
"haha no u cant do any of the above,anyways it has washed off now lol.meet her twice last year",0
"I've noticed similar, but I've not used it for a good while. Prob'ly should really",0
Drunk texts always make me smile.,0
Pistol keeps barking at my reflection in the mirror. Time to cover it up and get some sleep. Silly little dog.,0
"It's beautiful out today listening to The Bigger Lights on shuffle, they're my favorite band at the moment <3",0
On my way to the jonas brother's concert with demi lovato opening wooooo,0
"you are welcome! Thanks for the well wishes, the same to you!",0
lol shut up!!! i have to be at work in the am...,0
"I want a dog! But I can't have them in my apartment, plus they're expensive",0
my boyfriend told me the only way he would come see me is if he had a face mask and gloves ...stupid flu,0
is gonna go to sleep- dont think mums coming home anytime soon haha computer screen is shaking ive been on far too long,0
Ha ha just meeting up with some friends before we head out to Urbanattics later. And for shopping of course,0
bed time! night yall!,0
"ew, i hate sundays...school tomorrow",0
morning! i slept like a little angel last night,0
"Eeeeew, the smell of cow poo is so disgusting! Can smell it from inside the train",0
"Add Caffeine, some Red Bull and Santana music to all that sugar. Tweet us in the morning.",0
lol..no way.. That worked?!?! Who knew.. well that's cool.,0
one thing that im doing tonight.... downloading Jonas Brothers music.. mmm Joe,0
jumpin' on my trampoline,0
Had to come back to work to rest from all the yard work this past weekend Can't believe it's the first of June already!,0
Yay for joining twitter!! this is so exciting!,0
is having a bbq and beer this evening!! still not found new car though,0
enjoy the milk #gotmilk,0
I LOVE PEOPLE BISEXUAL,0
i join you in the sickness train!! it sucks,0
Cant log into regular Twitter.,0
I picked up another Alliance Blue at a store during a walk. They didn't have Horde Red. Now I feel like my pH balance is off,0
"reAserchiNg..i'D raTher say im pLaying, bUt im not",0
i woke up with a sore throat too,0
I just ordered an of Montreal cd and a matt pond pa LP w/digital download from Polyvinyl all under $20,0
I wonder what's Miley's big news .. don't tell me they're going to stop making Hannah Montana,0
COUNTDOWN!! 30 minutes until KORN!!,0
My day didn't go as planned but I still had a great time. Good nite beautiful ppl...tomorrow I get to stay in bed all day,0
"thinking im getting old, my knee hurts for walking in high heels all weekend and partying",0
"I'm going through everything I need to get done before the shoot tomorrow and the worry is keeping me up, can't fall asleep again",0
yess! talking 2 a hott guy! happy ass fuk!,0
Going to work... Wish i was still in bed...,0
unpacking my new apartment,0
Was a great day till now. Choked on water wail laughing in the car and puked all over the place wail on the highway.,0
"Lol, I'm sure I could keep you awake if you wanted.",0
Who wants to stand in line with me tomorrow for iPhone. Mine was not secured as planned 5th ave in Clinton Hill,0
Hope you enjoy your time in LA Have a great trip!,0
Headed to mission hill for a small house party then off to Allston to celebrate Fe's 21st at Wonderbar! Sounds like a good night to me,0
I'll be there Saturday night!,0
sure!! i will write too...and u have to wait a little...cos im going away for a week and u must also tell me what we rite abt,0
Snow? I'm going to the gym anyways! Day 6 of Body for Life.,0
yea probably not well its probaly definite that she'll b there watchin,0
yuppieee doodoooo! haha yeh! enjoy your rest of your week! i seeyaaaa soon (;,0
"SHARON!!!!! lol, track and field, my ozzie glasses, cameron got heat exhaustion, good times, good times",0
has got the shield season five! i will watch it... now! turning my phone off to avoid distractions.,0
ohhhh demi your pic looks really vampy!!! In a good way!,0
"please come back home soon baby, i don't wanna take another night without you here",0
crazy busy for the next few days. I need a break,0
I am actually excited to see Tay and T-Pain(unlike@jknight291) . I love when diff. Genres of music collide and c what the outcome is like,0
She was off when I went for a visit. Spent the whole summer there getting her back on track. Didn't last long after I left.,0
well my rebate request was invalid. now i dont get my 50 dollars back.,0
Is missin my @mimichoc nobody told her ass to better herself and take summer classes,0
really wanted to be at campies tonite... but i was picnic-ing with family and didn't expect to return to blr only @ 9pm!,0
"I remember when you first got into Leopold and Loeb, and the book scared you and you couldn't sleep... poor lulu",0
I'm not cut out for the design world. I don't have the patience...kill me right now...I'll never make it to the weekend. /sigh,0
"samesies, but i'm too sleepy to watch. quite upsetting",0
Dont you hate when you forget something. I feel lost without my cell phone,0
I don't think so.. we just have like 2 weeks... he is going to goo...,0
Woke up far too early this morning. But it should be a good day.,0
"on the phone with Arvest, the girl on the phone is breathing into the mic on the phone... not sound as good as Darth Vader...",0
NEED coffee..going 2 be a long day w/out Carrie,0
"sorry loves. Been doin work getting ready for the shows coming up! But don't worry, I still return the lurk/love",0
I'm still not asleep either & know 2 others here who r not yet - must b in the air. I hate sleep.,0
Someone left the air conditioning on in my office all weekend. It's so cold in here.,0
have a great rest of ur day!,0
"3,333 followers?! this calls for a celebration! hope your UK tour went swimmingly, i couldn't make it b/cos of exams",0
it's day like this...after a 4 day hiatus...that i'm determined to cut the corporate cord one day! good morning.,0
Have a great time! Wish I could be there,0
Which video? Haha sorry I've got really bad memory heh.,0
"Relaxing, waiting on Brandon, leaving for our celebration date tonight",0
I've heard rumours that you want to be an asbestos farmer.,0
I love the morning hours when she snuggles up to me & turns into a little ball of cute,0
Uhhh!!!.. Recoverin 4rm hangover..,0
Disappointing overall. Felt like i was waiting for britney to get into it and she never did... #britney,0
"am rewatching old eps of ER and she is such a talented actress. would love to meet her, she seems so friendly in real life",0
lets make the headlineeeeeeeeeeesss.. saudades das Spice,0
aw dang i just found the FUNNIEST voice memo of one of our phone calls. i loled so hard and now i miss you,0
"OMG nearly done! layouts, and concept map tp go",0
DANGG NOW i GOTTA PAiNT THE POOL TOO?? WTH iS GOiNG ON iN MY LiFE? DOES -ANYBODY- CARE THAT iM SiCK? ...GUESS NOT,0
Getting sad... Only 2 shows of lost left.... This season...,0
y? well ill cheer u up ur boo was lookin real good last night! really good lol,0
"OH-MY-GOSH, THE GUY THAT STANDING BEHIND ME IS FUCKING HANDSOME. i'll change my mind for taking my ice away, i'll eat here",0
"I got thumbs up from @litford for my blog, happy.",0
Sinus headaches totally suck.,0
I'm at your show in Cleveland and there's a giant camera obstructing my view!! I'm devastated!,0
"As a Christian, it is very frustrating to know that many people think we're all like that.",0
Is spending her first official day of summer break with a toothache...this is so me to get sick on vacation!,0
Totally signed up for the America's Finest City half marathon! Did the Triple Crown last year but ready for some more August ass kickin'!,0
Come to Atlanta afterwards! Though sadly I think by the time you got here I'd be gone Hope you get out of there ASAP!,0
"hanging out with my sister, doing wedding stuff",0
Random prayer meeting busted out in a restaurant parking lot....just finishing up hours later....yay god! youre amazing!!,0
i am listening to music!,0
I have to go right now.. but I'll be back at night! Laterrr,0
Ugh I have a test today I'm so not ready for 140s next period! I'm suuuuper tired.,0
playing this pc game OWNAGEEEEEEEEEEEEEEEEEEEEEEE!!!!,0
"Watched Quantum of Solace, great movie but I'm disappointed with the loss of the Bond we all know and love.",0
lol oh thank you. i havent gotten a good @reply since @souljaboytellem..that was like 3 days ago,0
oh no! Now you're going to be an ugly wrinkled up old man. I had such high hopes for a regal smooth skinned 50something J.,0
"Very welcome, Jacqueline! Entirely my pleasure! #SmileSaturday",0
"& good afternoon 2 u my dear ya, a friend of mine jst tld me tht food dsnt contain calories durin the wknd lol i like it!",0
"I got all excited when I heard ""up next for the Pirates, Delmon Young""...only to realize there are 2 Delmons playing, we still have ours",0
Reading The Right Attitude to Rain by Alexander McCall Smith,0
Poor Su-Bo...came second and now The Priory!,0
Its turned off at the moment.,0
I'm about to go to work. Tonight is the night all the footy players come in at once,0
just got done washing dishes not too long ago,0
Helooo ...goodbye.....!!,0
"hahaha...There's more wher that came from. You gotta learn to skank as well, dubstep will be ur next lesson in Brit muzak",0
my beetle + collateral duty + praise & recognition from Master Chief of Pacific Fleet = Proud Squid Wife,0
"Yes, so you definitely should go I would love to see you plus I know its going to be so much fun with all of us there,",0
"amusement, haha! never thought of dating sites as comedy show",0
RIP Riley you were a great cat,0
"Tried to test-drive a new Chevy Camaro today, but none in stock at the dealer. How will they sell them if you can't even see one ?",0
"long day at work, no water in the cistern, and no-one to cook supper",0
werd boo? u cheatin on me again?,0
5ks in 34 minutes... aim 4 Sep is in 30. Early morning tweets,0
1st update ... GO ME,0
Just got back from Woodhill (biking park) it was mint. Had funn need to keep training though cuz i got a race soon,0
"Ooh, it's June! May was worst Adsense month in many years. Like $300 versus $3000+ a month last year. I might have to WORK soon!",0
OOPS! Fixed that problem!,0
Hmmmm cant wait to go home but sure things will be different probably good,0
The word queue? is the only word in the English language that is still pronounced the same way when the last four letters are removed.,0
iPod has been washed and isn't working... ARGH!,0
That was fun! Thanks for making me feel welcome,0
Hey! Well you hung out with me! lol! jk!,0
"Hoping I can get some good sleep tonight... Poor baby, I still feel bad. A nice warm lavender bath made her feel good though she's tough!",0
"Yes, my eyes hurt but it's getting better dear Hmm well it was nothing serious until my left eye got an internal bleeding",0
"aaww, what happened?",0
yes I miss my baby *sighs*,0
I guess my invite was lost in the mail?,0
im getting a coldddd cough coughh! better go get ready seen as megan said go to hers for 5pm...so not going to happen :|,0
wow Hannah Montana the movie was amazing @mileycyrus D,0
"katrina that is unfortunate,i feel like shit aswell but i live 3 minutes away from primark so x",0
at church Come and worship with us.. or wherever you are!,0
gutted I didn't know about Bruno at Taylor Square this morning #fb,0
Just now crawling into bed. 12-hour writing session for this grant due FRIDAY. We recessed; back at it @ 7:45am!,0
#EAHasbro Awesome! Thanks for the trivia.,0
Prayer led to crying...smh.... Maybe I should just go to sleep. I hate feeling this way. Godnight tweeties,0
why do all photoblog links leave me at the homepage instead of linking to the photo?,0
Watching the sonny with a chance marathon. I feel nauseas. Not because of what I'm watchong but because of my kidney. Still.,0
"Hanging out with sam, billy, and veronica. not going to school tomorrow to take sam to body shops. Dang car accidents",0
Thanks for the #followfridays people,0
"I'm so excited! Must check to see if they're showing reruns of the AW finale, since I somehow missed it",0
A week passed away very quickly. Alone again with family gone back,0
"Hey! I stalked Chris Isaak when I was in HS, before he got really popular!! I know where he lives.",0
How can I delete images off of my iPhone? I tried and it crashed.,0
"I DO! the guys voice is weird...but, I DO",0
"hahaha! Yeah i just had some nuggets, ceasar salad & fruit punch!",0
"I miss my bestfriend, Zimo Spent time with him today!! aaahhhh! Fun fun :')",0
"I like the sound of that...""Rock Star Tweeps""...you are too!",0
*sniffles* angus thongs and perfect snogging is so romanticc.... damn,0
Aah cleaning the house is not fun!,0
*looks* not a guy but HEYYYY you toooooo. ;),0
Let's hope this goes well.,0
"Awesome! & bahahah, probably. the malls around me are okay, but rockaway looks all nice and fancy (:",0
or better :Nighthawk. how did you come to the name?,0
Layin in my hotel room ! FINALLY ! Really wish I was roomin with mc,0
"Black clouds are out there, but no sign of rain",0
Sorry Ive been neglecting you Twitter Fam,0
i CAN'T WAIT TO HAVE @rob_hoffman NIKON DIGITAL CAMERA MOMENT WITH YOU IN JULY <33333,0
had an awesome possum workout 2day... luv the rain!,0
i couldn't. he trapped me in. i feel filthy now,0
No I haven't LOL but you do a #dumbestsongever I just started that LOL,0
"LOL! Bernie's nap was contagious... I ended up taking a 2 hour nap So my net awake time is as if I got up at 9, hahaha.",0
my hoodie came today! thank you @ChristopherDXS,0
on a big green double deckerbus heading to belfast zoo,0
missed the anniversary Bonus treats!! When is the occasion coming in the near future for similar discounts?,0
Guy named jacob sits in front of me,0
"hasn't had a very productive day work wise, but i'll blame PMSing for everythinggg",0
Not me. I'm only level 12 so far,0
wtf mum just give my cat away. wtf! that's my riku! my baby named him,0
Looking how Twitter works,0
"i'd DM you back but you aren't following me thnx for the congrats, I'm sure I'll see you at an event or something sometime",0
Went to the beach today... Had a good time.. Home now!! Thinking of starting a diet tomorrow. Need to lose sum lbs. I gained recently.,0
"I don't know who that is. @mainstreet21 me too! @lifeswings It reminded me of your friend, si Alex. )",0
Church is on my running route. Poor Mormons.,0
oy..break time is over.....someone write this paper for me!,0
Forever-Chris Brown.<33 old memories of the summer! but also bad.,0
"well, Danny deffo sings well drunk!",0
TwitlQ.com looks promising. Good for multiple twitter accounts. But no OpenAuth,0
du du du come on and do the CONGA! methinks that everyone should see the boat that rocked... cause it is frigging immense,0
morning they say we should have rain later but sunny at the mo,0
Stayed up way too late. Going to pay for this tomorrow,0
boo to getting the car towed,0
i agree with all that . Finders keepers is on radio one !,0
"I bet it's a sign, twitter wants me to keep this picture",0
"heehee, 2 day hikes r suicide to many people, but have no fear, Diana is here... .actually im gonna be missing the hike... nnnnnoooo..",0
"I'm trynna' make some Thai Iced Tea, 'cause aye -- It's a beautiful day Haha.",0
"Fly With Me on repeat til I ko, g'niiight",0
I just checked an it is full!! I might sign up for the waiting list,0
Poor parents had some major flooding today.,0
ikea is calling ... again,0
no... you're amazing! weight doesnt matter anyway! YOU'RE BEAUTIFUL,0
Now at home with alex! Home sweet home!! How could things get any better!!,0
why did last.fm wanted money from me to listen to my radios,0
Trying to get as many updates as Jerry,0
So sad we cant be there for the show in Dallas. It's going to be amazing I'm sure!,0
"last timt im bugging you today plz tell Tom im sorry that i say ""fuck"" and im sorry im insult him! and that im so stupid!",0
you perhaps need to help him a bit then? Is your mail still working? ;),0
", awww, that's adorable! My husband I do that too (also with TV quotes), it helps to create that special ""family"" language",0
Ahh love them! Over my limit for concert tickets though or I'd totally go with you,0
in 24 hours I will be with Laura Beth,0
"Defffo hotter today than it was yesterday, im working tonight. bw-hw =(",0
"going to paris and Italy soon, excited",0
Can't wait to see my kiddies...most especially baby Sebastian,0
My bird flew out of her cage and is somewhere in the nite. I hope I find her in a nearby tree in the morning.,0
ooh they are at our Farmers Market too! I love them!! I wonder if we are neighbors,0
: getting ready to head off to school.,0
thinks little aiden will be breakin a few hearts in years to come! hes gorjus !!,0
Is awake and feels horrible,0
uragh I feel like crap. ...going to go try and sleep.,0
Actually I was just being curious. Am thinking of learning it this summer. Nice to know there are so many speakers.,0
What an intense magical two days I had! Love J Light to you - you are my fave!!,0
ROFLMAO. Will explain in person,0
i really miss descalvado i want my pics withe the cowboy hat and stuff,0
So sad that baseball lost...,0
At the train station. In a hurry. Will watch Drag Me To Hell with @solokiel @jaymsterbean @kymzel,0
Stolen Wallet Has anyone ever dealt with loosing your UBI card?,0
"surely you've written songs before? At least the music/lyrics? Either way, good luck and I'm looking forward to hearing it!",0
oh don't judge me funny comedian lady haha stupid twitter hackerers.,0
Need a new keyboard logitech is killing vmware.,0
yay jacks bday! he's so old did you really find nothing personal?,0
aw tht must suck. well anyways im sure the movie came out wonderful and i can't wait to see it! -Julia,0
My favorite earphones broke now i only get sound out of the left Steve,0
wish i was going to melbourne this wkend for harlot house at tramp!,0
"Hi, I'm not a new twitter-er but with a new account here to re-start",0
Well its official. I no longer have an apartment in Athens Growing up sucks.,0
Aww. You're so sweet.,0
Off to bed. Right on time too!,0
"I think that's ""hip hip hip hooray"" Still sunny though.",0
So very TIRED!!!!!!!!!!!!,0
waiting for my auger money so I can pay for vacation,0
glasses are awesome ^^ too bad i dont need them very badly..,0
ummm sorry not gonna happen :/ too many blog tour books! i suck,0
"Taking a quiz, & I'm cold",0
"It is 17 June 09, 0351 Pacific Time. Still no iPhone 3.0 update.",0
"you should've told me, i would've met you there",0
check back tweets...lol...the definition is there.,0
Rapture post is posted.,0
"Sweet Japanese Girl and now it's GONE! Nothing works as well on blackheads - not Ocean Salt, not Dark Angles, nothing! *sob*",0
"i made a song, but then i forgot it.....",0
I'm going with like 5 people. I'm not gonna be able to get my tickets till like next week do you think ill be ok?,0
is on my way to home.extremely tired and not feeling well,0
Im still bhind on 'I'm a Celebrity get me out of here' but I can't stop watching it. Something bout LDP & Sanjaya on the same show ...,0
aww.. why pissed? sad sad.. hehe.. the twilight cruise leaves 10th august 2010!!! madness dude..,0
Loves the saints at Morningview. Also sabbath rest(s). Also pork tenderloin.,0
can't wait for my ps3 to arrive!!,0
So I just finished watching every episode of True Blood and am highly disappointed!!!! The creole dude with the fake accent was my fav,0
"Back on my Peanut Butter Reese's Cup diet, feeling bloated as hell",0
man im sick and gotta go to a mates 16th tonight and its cold,0
Major crampage.. ughhhh ..9am=nite nite.. see y'all next week,0
can you say OMFG I sure can !!,0
"""His Hexy! I meant to say Hot but then I started to say Sexy""",0
ohhh. not numba one anymore lol. wait awhile emily and i get u back on and the rest of ss,0
"I don't like rainy days, especially rainy days at the boat eating with @raeelynn.",0
Pretty pissed of that I don't live in LA,0
Okay last time i'll EVER mention them buuut Jonas Brothers mixed with Miley Cyrus' The Climb has reduced me to tears. It's really sad,0
btw whats wrong w/ being single? and if i turn into lesbian i'll let u all know,0
Just had my phone switched back on now. I feel lost without my bb.,0
"Now, THAT is a good city for serious shopping, LOL!! Hope you are having a lot of FUN!!",0
"Rain wasn't too bad, gave a bit of relief from the heat. It was overcast, but still 35 degrees. Good for my pale skin",0
hi. What are you doing?,0
Could we still enter even if we live in the LA area? Please say yes.,0
either way god blessed you with a wonderful surprise. But I'm guessing boy,0
"To work and then off to Premiere...wonder what this year will hold? Lots of brutal heat, keratin treatments and other curl-killing, I bet",0
Boston friends: I will be having a Samuel Adams beer for dinner. Will you then enjoy a Carlsberg?,0
Bleh to dieting. I couldn't diet if my life depended on it! I love food too much! I hope the coffee kills the choco craving,0
should i give up my music?..,0
How are you buddy? Appreciate the retweet action,0
Still no Internet carolinecreates.etsy.com,0
I was going to write on my blog but I am feeling tired.... Good night....... TSX closed today at more than 10 500 points... Sweet dream,0
"I know, our THTV was cut off a few months back - so I'm glad I can see it online again",0
It's so gloomy today!,0
its raining n its freezing I need some1 to cuddle.. Were's my boo!!,0
I have been lured here by @alexandraha ... thanks,0
typoku failed i wanna punch the lecturer so much!,0
Ugh. What the frick is a primary source? I need three of them.,0
"everyday, my day starts with children arguing and ends with children arguing. i thought having them close together would make them close.",0
is watching terminator salvation cya,0
"Hey people!! Please go and follow @peterfacinelli he has a bet with his friend that he can get 500,000 followers by friday! + he's HOT",0
Thanks for #FollowFriday!,0
Aww it rained on my parade....,0
Almost had a run in with a frienemy.. My ex bff.,0
by the definition of dean: all photos are erotic.,0
She just got home from a party night at the Falls about an hour ago so she's still in party mode. Yay,0
"if i haven't followed you back, please send me a @reply",0
"Last day of my holiday, back to work tomorrow. Plan for today:- do some of the stuff I wanted to get done this week. Clean behind freezer",0
Struggling with #E37 ABENDs.,0
is up looking thru the pics from Lost in Music...will upload shortly...why is there never any sugar in this house n the shop is on mars,0
My prayers go to the Air France victims,0
lines vines and trying times out TODAY,0
Is enjoying this beautiful sunday,0
Back from training! First actual day in the office tomorrow!! I'm so pumped!!! Working tonight at 6.,0
Its going to be a late night....cuz i'm not going to get to cleveland til like 10,0
going to school in pajamassss. i rreeeaaallyy needa catch up on my sleeeep!,0
i didn't get to sign your yearbook and you didn't get to sign mine,0
Just came home I've spent the day with my awesome friend Ina <3 Btw the weather is awesome today!!!,0
My one year contract got extended in the commissary! I'm still gonna be working here,0
D-Day and 15th anniversary of my mother's funeral. Think I'll just do the quiet home thing with the wife to be and cats,0
thanks for makin me puke haha thank u for being nice towards miley,0
New release 0.8.8 I need to do a post explaining what is new. Soft binding is now available so happy injection in Modules,0
Going to go and have fix of good ol' Maury.,0
practised guitar for quite a while last night.. I'm getting there with it.. and my fingers are toughening up nicely too,0
don't try to understand it.. just listen to it..,0
mwahahahhaaa i took harvey to the park and had to hide on the climbing frame to get in the shade!,0
Someone point me to how to save images out of a web page? I'm reduced to mailing myself wallpaper images on the #pre.,0
i think #alltimeblow should trend.,0
Today is looking like a repeat of yesterday and i'm okay with that. 8 more days.,0
The wolves look so bad.,0
"No appologies neccisary, it was just a correction",0
my tweetie is broken.,0
too much for my little heart sigh .. in a week i never saw Rob only two times and while he was filming..life is unfair,0
Another blazing day in H-town. Somebody send us a cold front!,0
mail app kept crashing here for some reason. Specially with multiple imap accounts Thbird is stable. And themes too!,0
"Currently sat in the middle of the historic Brooklands raceway looking at lots of Italian cars and sad people trying to ""be Italian""",0
Welcome me back Twitterworld,0
Woo! Loving your new picture here.,0
", and now it's on to the Killers cd",0
Hi!..you and Jessica ROCK today's ephow is she doing?. Can't wait to see a pic of lil Ivy!!...she must be a hottie *ahem* a cuttie,0
mormin x goin skl in a mo #stargirlinspace #stargirlinspace #stargirlinspace #stargirlinspace #stargirlinspace #stargirlinspace xxx,0
Great weekend!!! Som new colabs in progress,0
So can you tell us who the surprise birthday was for now?,0
Have fun boys god bless and WASH YOUR HANDS.,0
"I also wonder how this killionaire person gets 10000 points a day. And I don't use noobtubes, I use the shotgun, my favorite",0
just watched twilight...it was horrible...now I'm watching Princess Diaries I'm sooo bored!,0
"I'm thinking of making a hypnosis program for anal orgasms...that kinda sounds like fun, huh?",0
NICE!!!!! I havent seen that movie yet tho....,0
Thank you...I am really digging your writing I'm only moved by GREAT writing!,0
- yeah that video was cool. hey im sorry about what i said before. forgive me ?,0
Seriously? What else? I suppose it is Monday afterall,0
Can you take a few moments and do that for me? I can't DM,0
Going to attempt to get my permit. haha.,0
Announcement: I have the jesusphone 3G S -- but can't get it connected to my wifi,0
Why can't I be a guy between the ages of 25 and 70? I want to kick trains but not break them. And mmm imitation crab!,0
feet hurt really bad. going to read then go to sleep.,0
time to hit the study notes! prep for friday's exam!,0
"..it would grow back (fast) til next spring. sadly We lost Him to a Snake bite last summer..I Miss You Spike,My Big Boy!.",0
Watching the Conan O Brien show. His jump on the last drum beat as he entered was weak! Gotta get some coaching from @prestonporter!!,0
yes this sat night LOL woohoo,0
"lmfao, thanx hun, i had 2 work, sucked",0
sorry dude. couldnt edit that last tweet hope you dont unfollow me anyway.,0
"My cat in my lap, purring away, I feel like Donald Pleasance in ""You Only Live Twice"", .....think there's hair in my coffee.",0
Lied. No puppy today,0
Bout to take Sarge back to the vet to get more meds. I hate seeing him so depressed and in so much pain. My poor puppy,0
"What ho, what ho! Just saying hey-Tracked you down via Stephen- I'm from Belgium as well",0
I agree because today is an opportunity to correct yesterday,0
"Haha, I'll try not to.",0
Is loving being a mummy wish I had more sleep though sighh,0
i love you more and i miss you,0
max is dead and rudy is going to war omg this book sucks!!!!!!!!!!!,0
About to make this drive to SLU to work at AGP...,0
Takin my girl down to the lake for the weekend. What a great way to start the season,0
i just saw your request on myspace! I added you!,0
"I find out today why I have been having dizzy spells, I hope it's nothing serious",0
(Thanks! *leaves some for you*),0
Totally got hit on by some guy at the open mic...and I'm kinda okay with that (P.S. I also rocked.),0
All I want to do is hold my baby but my c section pain is bringing me down when does it get better??,0
It was a saying for that. 'Each day comes bearing its own gifts. Untie the ribbons.' Thank you all !,0
I think your hubby has the patience of a saint Mrs P. Especially 4 putting up with Janice who is annoying me no end..lol,0
Good Morning TwitterLand! I know today is going to be a productive and active day for me!,0
exactly my thought. </3,0
is off to go read some more..... it seems i am going through a bit of a reading frenzy,0
"Next planning meeting this Wed 6/3/09 at Cafe Vita 7:30pm, follow up Mon 6/8/09 same time and place",0
"One of the comments said ""pro-lifers will read stories like these, and feel nothing at all for the people involved""",0
ahhh but I'm sure you'd be much better than a body that's NOT dead,0
i feel nauseous and sick all of a sudden..,0
"working on 3 new projects, so wait for update",0
i would if i had any where 2!,0
"Uhm. putting this there, then watching pokemon",0
a combination of a TON of work and a wave of extreme sadness is not fun at all,0
at last i wr0te again....got bored the previous dayss....,0
"Just the hall to do now, and some bits in the bathroom, and then there's the garden, and the curtains, and some furniture...",0
um I still fly like my 2g iPhone but I hate looking at the cracked screen!,0
by assumption I will guess at littlebigplanet 2,0
I have the beggining symptoms of a cold. This might be bad.,0
to the kitchen to have tea,0
congrats on the car payoff. Wanna help me pay off mine?? Please.,0
I don't understand how working professionals can do anything on Friday nights...I'm so tired #WakingUpTooEarlyFail,0
"hee. Listening to it again, the whole way through, while i study.",0
NOTHING LAST FOREVER FUCK YOU ROSALBA LEARN!,0
cpr training...woo work on a saturday haha,0
i got totally emotional right now. why cant little sisters stay little forever. home movies....,0
Justt Woke Up. Chillin In Da Crib Waitin 4 Da Cable Ppl 2 Cum,0
Sheena Halili on Showbiz Central.,0
..miss shah alam a lot!!..,0
Then you should keep them I like it sunny as it is now. Don't want thunderstorm and rain,0
"In bed again, i hate being sick i wish i could sleep",0
Missing my mom and hoping for some peaceful sleep for a change...wishing the loneliness would fade....,0
"Hi Mom! I joined this, but haven't figured much out yet! Glad to find you here!",0
Anyone have ideas for new websites?,0
"My ISP shaped me, I went over my monthly usage of 25GB per month.",0
"i know what im getting you. youll officially love it omg thats awesome!! why u staying in a hotel though haha, r u going",0
"I wish I was ughh, you guys always do fun shit when I'm not around",0
Just passed the last Perkins sign... I will miss it.,0
"Yes, do it! I missed JJ dj'n. He was first. I wasn't there yet",0
About to eat some super fries and taquitos..bomdiggity,0
"Fangame, Life: ..Oy, nightmares... Anyhow, gonna work in private today for just a few hours. I work better undisturbed.",0
I CANT FIND MY PHONE,0
laying in bed....wondering...why does the honeymoon stage only last such a short time,0
wishes she would call him ... *hc*,0
About to voy a alex nasas house. Flippin sweet. I love that kid,0
MARY- gutan wuhh? o_O CARA- LMAO HI! ROSE- good DUCKY- helloooo!,0
just wanna get outa here,0
Just loves when time zones allow you to call people at past 4 in the morning. Even little nice annoying French girls on another continent,0
third week on supps- finally starting to notice a bit- my adrenals are in bad shape,0
Omfg! Why why why is this happening??? Ugh... ~*~meg~*~,0
is waiting to hear back on an offer I wrote tonight,0
Sometimes all it takes to solve our problems is a fresh morning!! Hope today is beautiful for you,0
Goood morning tweeties up early gettin My hair done! Ugghhh such a gloomy day in the bay hates it!! Wat r yoooou doin today?!,0
Lost 2nd game 4 nil #obears,0
"Downloading the first season of Weeds, True Blood next.",0
yes please! I see you already have your pants off ;) I like it!,0
you guys gonna tour with Short Stack again? I missed your last tour Me friend went and said it was mad!,0
i think on monday's show they might confirm or deny their divorce. i feel bad for the kids,0
kevin and perry makes me miss ibiza,0
Glad my daughter is finally home after ditching me for two weeks to stay w a friend,0
"Well, off to take a bath, then bed adn up again at dawn. not working this weekend. I'll have more updates then. Good Night!",0
Yup! Going from 2GB to 4GB,0
I just tried tweet chat and no luck #EdibleArrangements,0
The Turkish Grand Prix at Istanbul Park is less than 10 minutes from my home in Istanbul. And I'm in London,0
"Chatting with my mate Yasin, on facebook. She just got out of the hospital. So sad..",0
Ha! In my case it's my son calling ME the dumb-ass! For real!,0
preparing for 9am meeting tomorrow,0
"Couldn't possibly comment on the design of their sit, but it should be on the right hand side toward the bottom.",0
we're 9 rows from the stage. lol we saw Julia outside ah after the meet and greet. Di na daw sya nakapasok no more tix,0
": tsssss! at least you can, i have an exam!!!!!",0
Trying to figure out Blogspot. Uggg. I don't know which end is up,0
Dinner's over! Stuffed like a turkey on Thanksgiving..,0
wish I could go to the Taste festival in London! back 3 weeks too late,0
I'm just giving fair warning. Want to nip it in the bud.,0
damn baby i cant get a what up Truth..lol,0
get off at 10 oclock!!! The entire day!!,0
Something else to add to my 43 things. I wanna take the Powered Pleasure Craft Driving Licence (PPCDL). Completely outta my comfort zone.,0
Lalalalal SWEEEET . another weeek ! *woooot*,0
"As time passes, it hurts even moree",0
Thanks for the follow and if Eric Rodgers is reading I got to meet Shane right at the tail end of Thursday so no worries!,0
Here at work having lunch. A lot of work and not enough help,0
I feel rubbish but can't tell if it's bad hay fever or a cold I guess I'll tag team the tablets and see which works.,0
"Another short jogging stint, & i'm already sweating like a babi. tskk! 9 more days to go only.. I is scared",0
Looks like I got a couple new Miami tweeps: @bsoler @mherzber @gblair23 check em out #followfriday,0
"watching conan, it is conan, not the tonight show.",0
Madness is over. Back to work.,0
"Eating beehoon, reminds me so much of the days in sec sch when Diana, Xq, Vivian and I packed beehoon to class. Miss you guys",0
yes i'm a huge fan hbu?,0
Awww I miss my babies,0
I am calling it a night. For real this time.,0
Lots of studying to do today... And my reward for being such a good student will be Quail Hollow tomorrow!!!! I think....,0
"Take care of yourself, C...egads.",0
Sick . . . Feeling like this may be the longest car ride ever!,0
Oh. My. God. That sounds amazing! I wanna do the same! But I don't have a snuggie,0
you dont understand.. u HATE indian. and i'll have to pay $20 at least for food i wont eat,0
looking forward to going back to work tomorrow,0
"our flights to Dublin have gone up how upsetting. In november, i say we go jonas stalking!!",0
So happy chipotle opened in Eugene! 3rd day of Mexican food in a row,0
Late news then it's off for some much needed zzzzzzz.......Goodnight Tweets.,0
- good morning ... great bio line,0
moms is n town. luv er 2 death! im in my rm watchn wipeout. she n her rm. u kno my mama gotta rm n my house! always. u only get 1 mama.,0
wow i cud jus feel the luv in that msg! Lmao :p nd oo scandal!! Haha i think i kno huuu DM!! .xx,0
hmm. u make a name up,0
Hiding under the couch from the thunderstorm.,0
"attempted to book Zorbing, but it wouldn't let me So I left them a voicemail. Will try again tomorrow.",0
for the record...im working and it sucks,0
Ahh I just want to get home and watch my movies. I feel sooo bad.,0
wishes she was at the stereos concert rather than studying,0
Thank you my friend! Good to see ya back!,0
"We are in New York; Michelle was at a lighting design seminar all week, and now I am here to distract her.",0
enjoy the phillipines there lucky to have yous there,0
"Awe, your baby is in kindergarten.",0
at la salsa with @lindsayburrell @sammooty @jmosley @dmosley @chris_partain @jojo_4_sho and some other awesome people.,0
"i'll be in albany, but my mom is coming the next day and then i'm moving the following weekend.",0
Tell Dad - George doesn't come here much anymore; he's fighting lung cancer. He works from home - only here once a month now,0
NYLUG RSVP app + ' = FAIL Gotta love well written web apps,0
errrk. im tired of everything.,0
Thank you for help @nejcd @janiugrin,0
Can't believe I am missed seeing I did see it live though-that's probably better. How are you? Coming back from injury?,0
"good night Hun, I'm off to dreamland myself",0
LOL. It's because no one is engaging me today. Even @fiona_is_a_mole can't cut it.,0
Sad to be back from my holidays,0
I'm so scared of these older guys on my street! They almost jumped my best friends Grant and Steven! they were gonna jump us girls!,0
"Time to go to bed.. work in the am, not looking forward to it since its supposed to rain all day",0
"ha ha... weekends really are the BEST, aren't they?!",0
#followfriday everyone on my list lol much love to all my followers,0
"REALLY LIVIN IN BROOKLYN , AND U NOT FOLLOWIN THE KING OF HARLEM =( IM EXTRA SAD SHOW ME LOVE BABE FOLLOW..MWA HIT ME",0
that's nasty :| i wont be able to sneak anything in,0
omg that vid was hilarioussss.oh and the mcdonalds one too.lol,0
omg! That sounds horrible. I hope you feel better soon! Jeeze...did you look up the symptoms online?? Maybe that will help.,0
"I am really not skilled enough to shoot trap. But skeet, and sporting clays, yes! Happy Birthday! Next weekend is mine!",0
k im going to sleep..i wantd 2run today but the track was closed maybe tomorrow. i can work out at the gym but i cant run on a treadmill.,0
Bit irritated that I had to restore my iphone. Now all my settings and logins are gone,0
what a weird night....oh well ill be in costa rica tomorrow,0
"You are a 9.999. Well, you'd be a perfect 10 if you recognize my Twitts.. Just kidding ...",0
home from school :] i thinks it will thunder and lightning later,0
"last.fm is down. n e way, i should probably hit the shower/bed. the wedding was pretty much color-by-numbers sort of thing.",0
so boring English class,0
Just ate lunch and now its study time... Test 2morrow,0
clueless :LOL the ticts with out a licesns thing,0
There's a lot of cool stuff (not just eye candy) that depends on having the X Composite extension -- but NX doesn't have it,0
"Great, rain all day so my internets is down, down, down.",0
"YES! I've seen him up there, on the Segway, after visiting Red Robin a few times",0
your still my sister even though i wasted time. Now im wasting space in lou of a rhyme! Happy bday jill,0
wow that's amazing i'm glad you shared it.,0
really not looking forward in going out tonight but have already commited to going.,0
"REAAAALLLLYYYY!!! I have the 16G, I think the 8G is only $99 now. I paid $699 for mine on 12/29",0
"My Denver lost, so I need Magic to do this.",0
i don't think that will help! i think i'll just go to bed or something?,0
Science class. Still trying to get this politics crap done.,0
omg ! your jokiing me right ?! nooo! dont tell me you lost your voice ?! demi ! aweh damn it i feel so bad . i still love u !,0
Yes Search Rafael Nadal on google hahaha,0
right high school never ends... also my my dad's video!!,0
I can't find my Tupac cd anywhere Shit!,0
"Loving the sun today, even thought I should be revising. Not a good day though, been at Kates all afty, shit day for her bless her x",0
"LALALALALALA!!! ""We Didn't Start the Fire""- Billy Joel. I know most of the words! hehe",0
a lot of sad movies are on. maybe cause we're watching the ones under the drama section. anyway i WAS on webcam. then cass had to get off,0
got two pairs of glasses for A LOT cheaper than I got for the one pair I bought about 4 years ago. Thanks Costco!,0
"You should so do the RB bundle, dude. You're bound to get a gig as a backup Temptation",0
i will be glad when these twitter tech people fix my account,0
Good Morning! I have to work all day today!,0
"Yes honey, TOOTHPASTE. Makes my hand smell minty.",0
Had a great time watching the filming tonight. Glad to meet some neighbors!!,0
"my iphone is all cracked ... everytime i look at it, my heart hurts",0
Now we're talking! This can be called 'raining'. woohoo!!!! more rain please...,0
loving the hot weatherr!!!,0
That was a great interview and @Gee_O gives the best advice!! Thanks,0
Up wayyyyy to early... I really wanna go back to sleep!!!,0
Ugh I don't wanna go to school,0
My ISP has been down for nearly 24 hours.,0
"Sorry I've been away (moving my office crosstown). I'm back now, though, and raring to go!",0
"Wow, Phuket is beautiful, they say. It's bad I need visa for Thailand Bummer!",0
"we just had french toast, bacon and fresh OJ for lunch/brunch yum!",0
"aha, now I understand what you mean. Today, your adviser said that you need to visit Korea soon. Ok. See you soon.",0
"ahaha I could imagine it! As long as you're happy, its good",0
"don't you dare crash into me, I've had enough of a scare with the cab already have fun",0
is on the eurostar back 2 paris with a sunburn. Yes! The sun does shine in lndn,0
Really missing Fairbairn dinners,0
i say yes! everyting sounds amazing on vinyl and plus they just look freaking cool,0
i wish i was in seattle,0
lets all go to the beach today!!,0
so much for my day off tomorrow,0
interns! I would have sent cookies if I had known,0
awwww I miss nyc!! Crazy moments around every corner,0
"cheer up Linda! you know i'm always good for cheering people up, you can call/txt/IM me or w/e..",0
Why did you rate Sony with a B surely they deserve an A for the motion sencing gear? Not being a critic or nething,0
ahhh... the vagaries of travel in the EU. Which airline/air traffic controllers/etc are on strike this time?,0
This has got to be one of the best days of study leave,0
Just told a random old Swiss woman that I'll be attending her bible study tomorrow. She's so gonna be let down bless her though,0
Mad Money! I love this movie,0
I lost my damn wallet I'm extremely upset...first my eyes now my wallet not to mention dumb men in my life ughh I need a vacation...now,0
"going to the beach today; together with Mikkel, Simon and Christina",0
": Welcome to the Internet. Many, many assholes here.",0
"Wow, Steve-O went crazy basically. That was sad.",0
"no lahh, stay pretty as always k =P i finished my exams 3 weeks ago..now im jobless but im not complaining when is your last paper?",0
I'll bet a ton of fans would go nuts if you ever came to the US for a show!!,0
is taking a bunch of pictures! What else can you do at work?,0
"ohhh okkk nevermind then ..it;'s okk but give me your no. and I'll text you, you don't need to text back",0
"people born in the year of the snake are considered mysterious, attractive, wise and enchanting. lol!",0
"5 pounds, 2 months. I've been glutennous for too long.",0
"Oh me, too. I totally wanted to sleep in. Good morning! At least there is coffee.",0
With my babygirlsss No homo. Hahaa,0
i know i am. can't wait for August.,0
Wow its 1:06 and im superrrrrr hyperr wat shall i do?!,0
"hahah sounds fun what are you guys up to for2day? IM SLEEPLESS, it's like 6 am here and I can't sleep",0
Why you're sorry for Oregano? I still don't understand,0
Hope you start feeling better soon,0
tell me about it! we're going to try that PureSleep mouth piece on TV - will let you know if/how it works,0
Yeah. Take good care of yourself. Maybe a bath and a glass of wine. And talk/walk as soon as you're up for it...,0
Thanks for your Kindness,0
Hi Chris! It's going to be on 21st June. There is a theme this time which I will announce soon,0
Cracked tooth. I hope work let's me go home early. I left my asprin at home,0
Thks #FF @Bamboomerangs @jamesofctpmag @dcb23 @terri5me2000 @mochadad @HemalRadia @FreddieScott @Dr_Share_D @rocketman528 @francismata,0
"There's a patch of frog-blood in the garage I feel guilty, but I've stopped crying. Lol. I've never killed anything before.",0
"OK.. see, i wanted to lose fats, so i jog 30min all sweaty, then i shower, and had dinner... and finished up the food",0
Soak up the sunshine today as we are in for more rain ahead.....I am sorry to say,0
has some tough choices to make,0
I'm mad at popeyes right now. I don't feel too good,0
"I was listening to your Afrodisiac album today. Such a good record! The Kanye track, and the one that samples Coldplay v gd!",0
"I'm sure @derherr prefers people of similar 'stature'. With heavyweights all around, where I'll qualify!",0
i will die in 06/13/09 becasue sam is going out with mike hhhhhhhhhhhhuuuuuuuuuuuuuuuuuuhhhhhhhh,0
is going out to get his leaver's ball suit,0
Had to get up early today to vote and then work all afternoon.,0
Fine i'll find a new Twend! GRRRR!,0
I do not want to leave my house with this rain!! Possibly going to stay home all day and get work done here. This weather is depressing,0
mine is ATL and Beauty Shop,0
WELCOME TO CANADA! Hope you feel at home!! Wish I could be in Toronto with you.,0
Nice! An earthcache in each state perhaps?,0
ur having a blast there in the motherland ur not jealous,0
"Watching My Best Friend's Wedding...Great movie, sad ending",0
is finished assessment for the term!,0
sorry - no spare rooms in our house,0
Watching the last Jay Leno,0
"Lashin rain - in my jammies, cleaned house, baby asleep - time for a nap I think.....",0
FIDDLER ON THE ROOF topol final tour.,0
Skating it out boiiii,0
"wow, I'm dumb. My 2.2ghz E4500 has been running at 1.2ghz for who knows how long. CRANK IT UP!",0
horrrible. so hurty. send cupcakes,0
"Summer has arrived in SE13 (finally), suns out,cats asleep - one day holiday",0
"When mama's not happy, the whole house ain't happy...so I stayed home today to take care of her and watch the kiddos.",0
Just wants to get this corespondence done and over with!! Where's my laguna summer?,0
whats crackin ya'll! BATTLEZONE o9 FRESNO vs SANGER saturday 2:00pm at the Fulton Mall. get at me in the mean time,0
why? are you reading underwater,0
I'm a hot mess for sitting here and eating on my bed smh! But sitting @ the table by myself just feels so lonely,0
so fucking stoked for my birthday,0
on going home early and missing Taylor Swift. Stupid stomach flu.,0
I have no idea! they just couldn't do it i guess,0
"I've got English on Thursday and then thats it, but im not revising today really cant be bothered",0
More deinstallation fun: wielding power drills & being in love with my spreadsheet organization,0
Went swimming and now for some lunch! Ah this is the life,0
hates hates haaaates junebugs!!! ew x95344235,0
Good Night Sweetness,0
"The sun is coming up,..hello Mr Sun!!",0
"Welcome, anytime! I do what I can!",0
aww sree is sooo cuteee !!!! awkk jesus,0
I want a Drinky drink Im still doing my OT,0
is online shopping...fantastic,0
aww! why didnt you come back with the others? Whats the longest any of you have been separated from the rest?,0
You guys are seriously one hot couple! I guess like attracts like!,0
Thats the thing about 360 FPS's...stop playing for a while and you get rusty as heck. I used to be GOOD @ COD4 360,0
"i'm drinking, and you are not...",0
I didn't update my iPhone too lazy to get out my bed,0
Yeah You heard anything?,0
"Going to bed, talking to beau",0
Sad. My roommate is moving. Gonna miss that girl,0
dude I miss your face,0
"of course not laa,,benda mati ini bukan benda idup..me hates belanjaan ku sssttt",0
Kings of Leon never fail to make me smile,0
Going put or milkshakes. haven't had one in so long,0
In art .... enough said,0
DO YOU LIKE @ddlovato,0
somehow tweeked my knee. starting to bother me,0
im actually so bored and i have to work late grrrr.....,0
Kind of want to go see Star Trek again but I don't have da DKK,0
coming down with..... a cold?? iwish i wasnt!!,0
"yay day 26 again lol. (perfectly blind) thats my other song! If you dont know it, you need too",0
dude it was fun as usual meeting you.,0
"wal-mart is kinda like target, k-mart, woolworths, coles, and big w in one. it is massive! shame you missed out",0
Ashley was in O-town,0
"lol, thanks!! but I was just saying quoting your fellow alumni that we work with!",0
#iremember having to dial *69 to see who just called..because their wasnt any caller id.,0
"can't wait to hear the new album, love you guys a year has been wayyy to long",0
@#myweakness: shoes...chocolate...and really great hugs,0
Off to Iowa with @benjaminlindner @kansasjackass @tjwills00 @moreauphone @ColinCurtisKS and @ksuchoice for #MWYDA - Sadly not @kellyjay7,0
I DON'T EVEN KNOW WHAT IT IS. I'M HAVING THEM WITH RAGU' perch io sono romagnola,0
ate all the fruit tingles.,0
bowser is sick and he got sick all over my bed... maybe it was the entire box of twinkies he ate. off to do more laundry,0
yeah i'm coming California B) lookking forward to it. gonna call the women now. She'll care for chico ?,0
"check your facebook event invitation. please attend, ya!",0
Hot & Spicy Chicken - is there any other kind!!,0
Hope you guys have a great time. Darn my ruddy exam tomorrow,0
"Oh, darn! But you saw the rest?",0
"shean, that guy from ""you belong with me"" is LUCAS TILL, dia maen jadi cowoknya miley di HANNAHMONTANA the movie, fyi",0
eating some lunch then heading to the gym - playing 18 holes tomorrow,0
More coffee with lemon should speed the attack a little ;) Good luck and cant wait for new season! Have some fun while making,0
helloooo n good morning,0
omg i have yellow submarine stuck in my head... that really annoying tacky addictive beatles song? lolz,0
really? And what menu calms them down... Pray tell?,0
And with that I wish you a beautiful good afternoon,0
You've been busy! Got my fingers crossed for you anyway. Don't we all live in a tip? It's the rules,0
"- It wasn't that weird! - I thought you would jump at the chance! - anyway, it turns out I can't do it either now Shame.",0
"Soccer training was cancelled, but I still couldn't go to our Pep training. Still sickkk. Rain rain, go awaaaayyyy.",0
